StimuliName,user,FixationDuration,count
01_Antwerpen_S1.jpg,p1,4097,14
01_Antwerpen_S1.jpg,p12,5578,20
01_Antwerpen_S1.jpg,p13,6294,23
01_Antwerpen_S1.jpg,p16,6244,28
01_Antwerpen_S1.jpg,p17,7359,25
01_Antwerpen_S1.jpg,p20,6725,24
01_Antwerpen_S1.jpg,p21,10691,29
01_Antwerpen_S1.jpg,p24,4346,15
01_Antwerpen_S1.jpg,p25,6213,22
01_Antwerpen_S1.jpg,p28,10508,43
01_Antwerpen_S1.jpg,p29,9224,33
01_Antwerpen_S1.jpg,p32,7444,28
01_Antwerpen_S1.jpg,p33,3612,14
01_Antwerpen_S1.jpg,p36,5360,21
01_Antwerpen_S1.jpg,p37,10142,33
01_Antwerpen_S1.jpg,p4,5878,23
01_Antwerpen_S1.jpg,p40,9754,42
01_Antwerpen_S1.jpg,p5,5361,23
01_Antwerpen_S1.jpg,p8,4412,17
01_Antwerpen_S1.jpg,p9,7043,26
01_Antwerpen_S2.jpg,p10,10857,38
01_Antwerpen_S2.jpg,p11,37081,114
01_Antwerpen_S2.jpg,p14,9239,31
01_Antwerpen_S2.jpg,p15,16802,41
01_Antwerpen_S2.jpg,p18,12257,41
01_Antwerpen_S2.jpg,p19,6093,23
01_Antwerpen_S2.jpg,p2,16197,54
01_Antwerpen_S2.jpg,p22,16022,37
01_Antwerpen_S2.jpg,p23,5596,26
01_Antwerpen_S2.jpg,p26,7793,20
01_Antwerpen_S2.jpg,p27,7361,20
01_Antwerpen_S2.jpg,p3,5960,20
01_Antwerpen_S2.jpg,p30,4028,17
01_Antwerpen_S2.jpg,p31,3532,17
01_Antwerpen_S2.jpg,p34,15136,47
01_Antwerpen_S2.jpg,p35,12558,36
01_Antwerpen_S2.jpg,p38,10723,40
01_Antwerpen_S2.jpg,p39,12641,37
01_Antwerpen_S2.jpg,p6,4312,14
01_Antwerpen_S2.jpg,p7,8891,26
01b_Antwerpen_S1.jpg,p10,16704,45
01b_Antwerpen_S1.jpg,p11,7011,19
01b_Antwerpen_S1.jpg,p14,16271,59
01b_Antwerpen_S1.jpg,p15,35117,107
01b_Antwerpen_S1.jpg,p18,12689,48
01b_Antwerpen_S1.jpg,p19,7525,29
01b_Antwerpen_S1.jpg,p2,17135,42
01b_Antwerpen_S1.jpg,p22,12738,35
01b_Antwerpen_S1.jpg,p23,8590,38
01b_Antwerpen_S1.jpg,p26,9407,23
01b_Antwerpen_S1.jpg,p27,10538,31
01b_Antwerpen_S1.jpg,p3,8957,30
01b_Antwerpen_S1.jpg,p30,6063,25
01b_Antwerpen_S1.jpg,p31,5326,23
01b_Antwerpen_S1.jpg,p34,7861,24
01b_Antwerpen_S1.jpg,p35,29956,87
01b_Antwerpen_S1.jpg,p38,13106,37
01b_Antwerpen_S1.jpg,p39,41123,110
01b_Antwerpen_S1.jpg,p6,5727,24
01b_Antwerpen_S1.jpg,p7,7192,20
01b_Antwerpen_S2.jpg,p1,10570,33
01b_Antwerpen_S2.jpg,p12,7223,23
01b_Antwerpen_S2.jpg,p13,6946,26
01b_Antwerpen_S2.jpg,p16,11140,36
01b_Antwerpen_S2.jpg,p17,10176,32
01b_Antwerpen_S2.jpg,p20,7644,28
01b_Antwerpen_S2.jpg,p21,6761,25
01b_Antwerpen_S2.jpg,p24,5211,20
01b_Antwerpen_S2.jpg,p25,7693,20
01b_Antwerpen_S2.jpg,p28,10312,29
01b_Antwerpen_S2.jpg,p29,18367,65
01b_Antwerpen_S2.jpg,p32,9123,29
01b_Antwerpen_S2.jpg,p33,7309,32
01b_Antwerpen_S2.jpg,p36,10974,37
01b_Antwerpen_S2.jpg,p37,21331,73
01b_Antwerpen_S2.jpg,p4,5446,24
01b_Antwerpen_S2.jpg,p40,6643,27
01b_Antwerpen_S2.jpg,p5,9892,35
01b_Antwerpen_S2.jpg,p8,6994,22
01b_Antwerpen_S2.jpg,p9,14735,57
02_Berlin_S1.jpg,p1,2564,9
02_Berlin_S1.jpg,p12,8893,27
02_Berlin_S1.jpg,p13,8027,34
02_Berlin_S1.jpg,p16,24313,82
02_Berlin_S1.jpg,p17,13271,42
02_Berlin_S1.jpg,p20,8995,38
02_Berlin_S1.jpg,p21,6961,22
02_Berlin_S1.jpg,p24,6410,19
02_Berlin_S1.jpg,p25,8741,26
02_Berlin_S1.jpg,p28,18036,60
02_Berlin_S1.jpg,p29,7823,30
02_Berlin_S1.jpg,p32,6711,20
02_Berlin_S1.jpg,p33,12890,38
02_Berlin_S1.jpg,p36,6795,24
02_Berlin_S1.jpg,p37,7741,28
02_Berlin_S1.jpg,p4,8644,35
02_Berlin_S1.jpg,p40,4697,22
02_Berlin_S1.jpg,p5,6378,27
02_Berlin_S1.jpg,p8,6613,21
02_Berlin_S1.jpg,p9,6459,21
02_Berlin_S2.jpg,p10,13222,37
02_Berlin_S2.jpg,p11,8312,21
02_Berlin_S2.jpg,p14,43978,134
02_Berlin_S2.jpg,p15,36659,95
02_Berlin_S2.jpg,p18,22368,74
02_Berlin_S2.jpg,p19,20168,63
02_Berlin_S2.jpg,p2,16867,57
02_Berlin_S2.jpg,p22,8077,20
02_Berlin_S2.jpg,p23,13602,50
02_Berlin_S2.jpg,p26,9659,19
02_Berlin_S2.jpg,p27,10875,36
02_Berlin_S2.jpg,p3,10655,34
02_Berlin_S2.jpg,p30,23613,76
02_Berlin_S2.jpg,p31,5995,15
02_Berlin_S2.jpg,p34,20664,65
02_Berlin_S2.jpg,p35,42077,146
02_Berlin_S2.jpg,p38,15238,56
02_Berlin_S2.jpg,p39,19634,50
02_Berlin_S2.jpg,p6,12491,34
02_Berlin_S2.jpg,p7,6210,19
02b_Berlin_S1.jpg,p10,8061,30
02b_Berlin_S1.jpg,p11,8494,26
02b_Berlin_S1.jpg,p14,7058,26
02b_Berlin_S1.jpg,p15,26462,87
02b_Berlin_S1.jpg,p18,12935,51
02b_Berlin_S1.jpg,p19,9891,29
02b_Berlin_S1.jpg,p2,6444,20
02b_Berlin_S1.jpg,p22,8924,22
02b_Berlin_S1.jpg,p23,14837,56
02b_Berlin_S1.jpg,p26,16118,43
02b_Berlin_S1.jpg,p27,12491,40
02b_Berlin_S1.jpg,p3,10060,33
02b_Berlin_S1.jpg,p30,5962,20
02b_Berlin_S1.jpg,p31,4131,16
02b_Berlin_S1.jpg,p34,10324,33
02b_Berlin_S1.jpg,p35,23596,77
02b_Berlin_S1.jpg,p38,13320,49
02b_Berlin_S1.jpg,p39,11322,30
02b_Berlin_S1.jpg,p6,5414,19
02b_Berlin_S1.jpg,p7,14337,30
02b_Berlin_S2.jpg,p1,8027,16
02b_Berlin_S2.jpg,p12,10324,33
02b_Berlin_S2.jpg,p13,8640,25
02b_Berlin_S2.jpg,p16,15086,49
02b_Berlin_S2.jpg,p17,29771,86
02b_Berlin_S2.jpg,p20,16734,64
02b_Berlin_S2.jpg,p21,15489,44
02b_Berlin_S2.jpg,p24,12675,40
02b_Berlin_S2.jpg,p25,8793,33
02b_Berlin_S2.jpg,p28,13272,38
02b_Berlin_S2.jpg,p29,16367,51
02b_Berlin_S2.jpg,p32,14854,39
02b_Berlin_S2.jpg,p33,5363,30
02b_Berlin_S2.jpg,p36,10907,25
02b_Berlin_S2.jpg,p37,12135,40
02b_Berlin_S2.jpg,p4,21861,66
02b_Berlin_S2.jpg,p40,14884,35
02b_Berlin_S2.jpg,p5,22701,61
02b_Berlin_S2.jpg,p8,9126,26
02b_Berlin_S2.jpg,p9,15223,39
03_Bordeaux_S1.jpg,p1,1681,5
03_Bordeaux_S1.jpg,p12,7474,20
03_Bordeaux_S1.jpg,p13,7992,29
03_Bordeaux_S1.jpg,p16,17654,48
03_Bordeaux_S1.jpg,p17,12692,41
03_Bordeaux_S1.jpg,p20,8559,33
03_Bordeaux_S1.jpg,p21,13787,25
03_Bordeaux_S1.jpg,p24,17368,57
03_Bordeaux_S1.jpg,p25,5311,16
03_Bordeaux_S1.jpg,p28,9059,20
03_Bordeaux_S1.jpg,p29,11790,45
03_Bordeaux_S1.jpg,p32,6061,13
03_Bordeaux_S1.jpg,p33,3350,19
03_Bordeaux_S1.jpg,p36,6278,18
03_Bordeaux_S1.jpg,p37,8776,29
03_Bordeaux_S1.jpg,p4,7959,31
03_Bordeaux_S1.jpg,p40,5728,18
03_Bordeaux_S1.jpg,p5,10291,37
03_Bordeaux_S1.jpg,p8,6762,18
03_Bordeaux_S1.jpg,p9,4980,14
03_Bordeaux_S2.jpg,p10,26878,71
03_Bordeaux_S2.jpg,p11,15569,37
03_Bordeaux_S2.jpg,p14,18330,66
03_Bordeaux_S2.jpg,p15,23099,61
03_Bordeaux_S2.jpg,p18,9723,33
03_Bordeaux_S2.jpg,p19,13953,38
03_Bordeaux_S2.jpg,p2,7909,28
03_Bordeaux_S2.jpg,p22,50307,127
03_Bordeaux_S2.jpg,p23,6043,27
03_Bordeaux_S2.jpg,p26,16307,35
03_Bordeaux_S2.jpg,p27,20013,58
03_Bordeaux_S2.jpg,p3,12807,37
03_Bordeaux_S2.jpg,p30,5945,23
03_Bordeaux_S2.jpg,p31,7609,24
03_Bordeaux_S2.jpg,p34,7907,29
03_Bordeaux_S2.jpg,p35,31588,93
03_Bordeaux_S2.jpg,p38,20183,76
03_Bordeaux_S2.jpg,p39,7029,26
03_Bordeaux_S2.jpg,p6,17435,37
03_Bordeaux_S2.jpg,p7,10410,30
03b_Bordeaux_S1.jpg,p10,17205,35
03b_Bordeaux_S1.jpg,p11,5476,15
03b_Bordeaux_S1.jpg,p14,10626,27
03b_Bordeaux_S1.jpg,p15,19996,47
03b_Bordeaux_S1.jpg,p18,6759,23
03b_Bordeaux_S1.jpg,p19,13342,27
03b_Bordeaux_S1.jpg,p2,10189,24
03b_Bordeaux_S1.jpg,p22,7061,17
03b_Bordeaux_S1.jpg,p23,18466,50
03b_Bordeaux_S1.jpg,p26,6576,11
03b_Bordeaux_S1.jpg,p27,18900,48
03b_Bordeaux_S1.jpg,p3,6562,19
03b_Bordeaux_S1.jpg,p30,14638,35
03b_Bordeaux_S1.jpg,p31,6297,30
03b_Bordeaux_S1.jpg,p34,28290,64
03b_Bordeaux_S1.jpg,p35,40286,64
03b_Bordeaux_S1.jpg,p38,12655,37
03b_Bordeaux_S1.jpg,p39,16348,53
03b_Bordeaux_S1.jpg,p6,6495,20
03b_Bordeaux_S1.jpg,p7,9506,31
03b_Bordeaux_S2.jpg,p1,3963,14
03b_Bordeaux_S2.jpg,p12,6545,21
03b_Bordeaux_S2.jpg,p13,5764,18
03b_Bordeaux_S2.jpg,p16,7342,25
03b_Bordeaux_S2.jpg,p17,6709,22
03b_Bordeaux_S2.jpg,p20,10178,41
03b_Bordeaux_S2.jpg,p21,9223,25
03b_Bordeaux_S2.jpg,p24,5763,23
03b_Bordeaux_S2.jpg,p25,8976,23
03b_Bordeaux_S2.jpg,p28,16949,59
03b_Bordeaux_S2.jpg,p29,7659,25
03b_Bordeaux_S2.jpg,p32,6742,23
03b_Bordeaux_S2.jpg,p33,4595,18
03b_Bordeaux_S2.jpg,p36,9992,27
03b_Bordeaux_S2.jpg,p37,11442,33
03b_Bordeaux_S2.jpg,p4,5794,25
03b_Bordeaux_S2.jpg,p40,6144,24
03b_Bordeaux_S2.jpg,p5,54355,130
03b_Bordeaux_S2.jpg,p8,4462,14
03b_Bordeaux_S2.jpg,p9,4496,13
04_Köln_S1.jpg,p1,8644,32
04_Köln_S1.jpg,p12,18712,71
04_Köln_S1.jpg,p13,10110,39
04_Köln_S1.jpg,p16,37620,147
04_Köln_S1.jpg,p17,40918,111
04_Köln_S1.jpg,p20,16452,64
04_Köln_S1.jpg,p21,15037,49
04_Köln_S1.jpg,p24,23427,75
04_Köln_S1.jpg,p25,18899,56
04_Köln_S1.jpg,p28,35352,123
04_Köln_S1.jpg,p29,20898,77
04_Köln_S1.jpg,p32,19898,56
04_Köln_S1.jpg,p33,11255,52
04_Köln_S1.jpg,p36,26010,84
04_Köln_S1.jpg,p37,11407,41
04_Köln_S1.jpg,p4,29236,111
04_Köln_S1.jpg,p40,29457,95
04_Köln_S1.jpg,p5,16715,44
04_Köln_S1.jpg,p8,38982,92
04_Köln_S1.jpg,p9,10453,40
04_Köln_S2.jpg,p10,22050,53
04_Köln_S2.jpg,p11,17603,54
04_Köln_S2.jpg,p14,12372,35
04_Köln_S2.jpg,p15,50356,146
04_Köln_S2.jpg,p18,45077,128
04_Köln_S2.jpg,p19,17289,45
04_Köln_S2.jpg,p2,65628,181
04_Köln_S2.jpg,p22,19199,43
04_Köln_S2.jpg,p23,49724,145
04_Köln_S2.jpg,p26,25463,73
04_Köln_S2.jpg,p27,97749,305
04_Köln_S2.jpg,p3,8977,28
04_Köln_S2.jpg,p30,13740,40
04_Köln_S2.jpg,p31,8492,29
04_Köln_S2.jpg,p34,10938,41
04_Köln_S2.jpg,p35,53554,177
04_Köln_S2.jpg,p38,23211,78
04_Köln_S2.jpg,p39,33523,86
04_Köln_S2.jpg,p6,12223,43
04_Köln_S2.jpg,p7,15769,38
04b_Köln_S1.jpg,p10,95108,223
04b_Köln_S1.jpg,p11,15470,46
04b_Köln_S1.jpg,p14,43047,127
04b_Köln_S1.jpg,p15,63420,183
04b_Köln_S1.jpg,p18,13574,43
04b_Köln_S1.jpg,p19,23680,63
04b_Köln_S1.jpg,p2,29895,67
04b_Köln_S1.jpg,p22,19829,57
04b_Köln_S1.jpg,p23,19698,70
04b_Köln_S1.jpg,p26,10076,26
04b_Köln_S1.jpg,p27,87872,246
04b_Köln_S1.jpg,p3,23713,77
04b_Köln_S1.jpg,p30,21761,67
04b_Köln_S1.jpg,p31,18747,70
04b_Köln_S1.jpg,p34,25511,69
04b_Köln_S1.jpg,p35,79320,176
04b_Köln_S1.jpg,p38,35816,116
04b_Köln_S1.jpg,p39,38460,135
04b_Köln_S1.jpg,p6,13653,47
04b_Köln_S1.jpg,p7,62893,210
04b_Köln_S2.jpg,p1,8562,26
04b_Köln_S2.jpg,p12,18631,68
04b_Köln_S2.jpg,p13,12158,36
04b_Köln_S2.jpg,p16,59602,197
04b_Köln_S2.jpg,p17,30803,93
04b_Köln_S2.jpg,p20,18352,71
04b_Köln_S2.jpg,p21,24780,54
04b_Köln_S2.jpg,p24,26064,93
04b_Köln_S2.jpg,p25,26591,68
04b_Köln_S2.jpg,p28,12037,30
04b_Köln_S2.jpg,p29,23925,70
04b_Köln_S2.jpg,p32,10326,22
04b_Köln_S2.jpg,p33,10792,31
04b_Köln_S2.jpg,p36,12185,24
04b_Köln_S2.jpg,p37,52618,160
04b_Köln_S2.jpg,p4,20283,73
04b_Köln_S2.jpg,p40,14468,48
04b_Köln_S2.jpg,p5,39181,113
04b_Köln_S2.jpg,p8,29360,81
04b_Köln_S2.jpg,p9,7361,23
05_Frankfurt_S1.jpg,p1,7142,28
05_Frankfurt_S1.jpg,p12,20363,69
05_Frankfurt_S1.jpg,p13,11490,38
05_Frankfurt_S1.jpg,p16,16617,55
05_Frankfurt_S1.jpg,p17,36566,122
05_Frankfurt_S1.jpg,p20,10095,41
05_Frankfurt_S1.jpg,p21,10671,31
05_Frankfurt_S1.jpg,p24,13755,49
05_Frankfurt_S1.jpg,p25,7960,23
05_Frankfurt_S1.jpg,p28,18267,65
05_Frankfurt_S1.jpg,p29,12171,49
05_Frankfurt_S1.jpg,p32,19986,62
05_Frankfurt_S1.jpg,p33,10142,43
05_Frankfurt_S1.jpg,p36,19184,59
05_Frankfurt_S1.jpg,p37,16586,58
05_Frankfurt_S1.jpg,p4,13290,51
05_Frankfurt_S1.jpg,p40,8426,33
05_Frankfurt_S1.jpg,p5,16301,55
05_Frankfurt_S1.jpg,p8,12104,41
05_Frankfurt_S1.jpg,p9,9926,31
05_Frankfurt_S2.jpg,p10,24767,68
05_Frankfurt_S2.jpg,p11,10524,30
05_Frankfurt_S2.jpg,p14,14823,45
05_Frankfurt_S2.jpg,p15,34822,87
05_Frankfurt_S2.jpg,p18,11072,41
05_Frankfurt_S2.jpg,p19,10990,34
05_Frankfurt_S2.jpg,p2,17903,49
05_Frankfurt_S2.jpg,p22,15669,41
05_Frankfurt_S2.jpg,p23,28246,92
05_Frankfurt_S2.jpg,p26,17887,49
05_Frankfurt_S2.jpg,p27,46882,130
05_Frankfurt_S2.jpg,p3,8024,24
05_Frankfurt_S2.jpg,p30,15717,48
05_Frankfurt_S2.jpg,p31,6941,26
05_Frankfurt_S2.jpg,p34,19151,58
05_Frankfurt_S2.jpg,p35,23991,63
05_Frankfurt_S2.jpg,p38,25747,74
05_Frankfurt_S2.jpg,p39,17655,54
05_Frankfurt_S2.jpg,p6,15088,40
05_Frankfurt_S2.jpg,p7,14770,40
05b_Frankfurt_S1.jpg,p10,22065,76
05b_Frankfurt_S1.jpg,p11,6078,21
05b_Frankfurt_S1.jpg,p14,15720,47
05b_Frankfurt_S1.jpg,p15,39411,118
05b_Frankfurt_S1.jpg,p18,20551,68
05b_Frankfurt_S1.jpg,p19,23411,66
05b_Frankfurt_S1.jpg,p2,38766,101
05b_Frankfurt_S1.jpg,p22,20349,50
05b_Frankfurt_S1.jpg,p23,13689,54
05b_Frankfurt_S1.jpg,p26,23197,57
05b_Frankfurt_S1.jpg,p27,26103,82
05b_Frankfurt_S1.jpg,p3,10991,38
05b_Frankfurt_S1.jpg,p30,14237,39
05b_Frankfurt_S1.jpg,p31,16370,55
05b_Frankfurt_S1.jpg,p34,18037,54
05b_Frankfurt_S1.jpg,p35,107975,313
05b_Frankfurt_S1.jpg,p38,25275,102
05b_Frankfurt_S1.jpg,p39,7811,32
05b_Frankfurt_S1.jpg,p6,7877,27
05b_Frankfurt_S1.jpg,p7,15733,51
05b_Frankfurt_S2.jpg,p1,6345,18
05b_Frankfurt_S2.jpg,p12,12624,30
05b_Frankfurt_S2.jpg,p16,13689,40
05b_Frankfurt_S2.jpg,p17,21828,57
05b_Frankfurt_S2.jpg,p20,12342,47
05b_Frankfurt_S2.jpg,p21,8227,25
05b_Frankfurt_S2.jpg,p24,14638,35
05b_Frankfurt_S2.jpg,p25,19137,53
05b_Frankfurt_S2.jpg,p28,22695,63
05b_Frankfurt_S2.jpg,p29,24303,84
05b_Frankfurt_S2.jpg,p32,11855,33
05b_Frankfurt_S2.jpg,p33,10144,46
05b_Frankfurt_S2.jpg,p36,9557,28
05b_Frankfurt_S2.jpg,p37,27842,101
05b_Frankfurt_S2.jpg,p4,15496,66
05b_Frankfurt_S2.jpg,p40,6394,22
05b_Frankfurt_S2.jpg,p5,32731,81
05b_Frankfurt_S2.jpg,p8,16866,50
05b_Frankfurt_S2.jpg,p9,10108,25
06_Hamburg_S1.jpg,p1,4314,16
06_Hamburg_S1.jpg,p12,17536,67
06_Hamburg_S1.jpg,p13,5444,21
06_Hamburg_S1.jpg,p16,5310,20
06_Hamburg_S1.jpg,p17,11172,41
06_Hamburg_S1.jpg,p20,8261,33
06_Hamburg_S1.jpg,p21,7742,26
06_Hamburg_S1.jpg,p24,7960,25
06_Hamburg_S1.jpg,p25,8356,29
06_Hamburg_S1.jpg,p28,12387,37
06_Hamburg_S1.jpg,p29,11287,46
06_Hamburg_S1.jpg,p32,8509,24
06_Hamburg_S1.jpg,p33,3315,20
06_Hamburg_S1.jpg,p36,5361,18
06_Hamburg_S1.jpg,p37,5877,22
06_Hamburg_S1.jpg,p4,5675,23
06_Hamburg_S1.jpg,p40,4613,17
06_Hamburg_S1.jpg,p5,6695,26
06_Hamburg_S1.jpg,p8,7911,23
06_Hamburg_S1.jpg,p9,5378,17
06_Hamburg_S2.jpg,p10,12422,33
06_Hamburg_S2.jpg,p11,3612,10
06_Hamburg_S2.jpg,p14,17982,56
06_Hamburg_S2.jpg,p15,16372,40
06_Hamburg_S2.jpg,p18,13319,35
06_Hamburg_S2.jpg,p19,6278,21
06_Hamburg_S2.jpg,p2,10607,30
06_Hamburg_S2.jpg,p22,12406,32
06_Hamburg_S2.jpg,p23,18868,52
06_Hamburg_S2.jpg,p26,5712,19
06_Hamburg_S2.jpg,p27,9760,32
06_Hamburg_S2.jpg,p3,4528,15
06_Hamburg_S2.jpg,p30,3847,14
06_Hamburg_S2.jpg,p31,3647,15
06_Hamburg_S2.jpg,p34,11174,46
06_Hamburg_S2.jpg,p35,12938,41
06_Hamburg_S2.jpg,p38,17768,47
06_Hamburg_S2.jpg,p39,7559,30
06_Hamburg_S2.jpg,p6,6695,22
06_Hamburg_S2.jpg,p7,5362,17
06b_Hamburg_S1.jpg,p10,12388,39
06b_Hamburg_S1.jpg,p11,7911,28
06b_Hamburg_S1.jpg,p14,10303,38
06b_Hamburg_S1.jpg,p15,25964,74
06b_Hamburg_S1.jpg,p18,7379,19
06b_Hamburg_S1.jpg,p19,9824,29
06b_Hamburg_S1.jpg,p2,10723,28
06b_Hamburg_S1.jpg,p22,8874,20
06b_Hamburg_S1.jpg,p23,6309,24
06b_Hamburg_S1.jpg,p26,7227,20
06b_Hamburg_S1.jpg,p27,13650,47
06b_Hamburg_S1.jpg,p3,15071,57
06b_Hamburg_S1.jpg,p30,3532,15
06b_Hamburg_S1.jpg,p31,7292,31
06b_Hamburg_S1.jpg,p34,10207,29
06b_Hamburg_S1.jpg,p35,23245,76
06b_Hamburg_S1.jpg,p38,21134,47
06b_Hamburg_S1.jpg,p39,9658,52
06b_Hamburg_S1.jpg,p6,5310,23
06b_Hamburg_S1.jpg,p7,8057,31
06b_Hamburg_S2.jpg,p1,6294,23
06b_Hamburg_S2.jpg,p12,6943,25
06b_Hamburg_S2.jpg,p13,8559,34
06b_Hamburg_S2.jpg,p16,6793,27
06b_Hamburg_S2.jpg,p17,10308,29
06b_Hamburg_S2.jpg,p20,7829,31
06b_Hamburg_S2.jpg,p21,11640,38
06b_Hamburg_S2.jpg,p24,6061,20
06b_Hamburg_S2.jpg,p25,12872,44
06b_Hamburg_S2.jpg,p28,10906,36
06b_Hamburg_S2.jpg,p29,14903,52
06b_Hamburg_S2.jpg,p32,9991,29
06b_Hamburg_S2.jpg,p33,4697,19
06b_Hamburg_S2.jpg,p36,17420,38
06b_Hamburg_S2.jpg,p37,14986,46
06b_Hamburg_S2.jpg,p4,8776,33
06b_Hamburg_S2.jpg,p40,8209,32
06b_Hamburg_S2.jpg,p5,8560,28
06b_Hamburg_S2.jpg,p8,13324,30
06b_Hamburg_S2.jpg,p9,10805,36
07_Moskau_S1.jpg,p1,6861,20
07_Moskau_S1.jpg,p12,12337,38
07_Moskau_S1.jpg,p13,12688,45
07_Moskau_S1.jpg,p16,28875,104
07_Moskau_S1.jpg,p17,12989,32
07_Moskau_S1.jpg,p20,31038,108
07_Moskau_S1.jpg,p21,33624,93
07_Moskau_S1.jpg,p24,21099,72
07_Moskau_S1.jpg,p25,23827,66
07_Moskau_S1.jpg,p28,38844,120
07_Moskau_S1.jpg,p29,9921,33
07_Moskau_S1.jpg,p32,10089,32
07_Moskau_S1.jpg,p33,10740,48
07_Moskau_S1.jpg,p36,25080,79
07_Moskau_S1.jpg,p37,17497,55
07_Moskau_S1.jpg,p4,44268,173
07_Moskau_S1.jpg,p40,22097,85
07_Moskau_S1.jpg,p5,18878,63
07_Moskau_S1.jpg,p8,20130,59
07_Moskau_S1.jpg,p9,14336,47
07_Moskau_S2.jpg,p10,12989,39
07_Moskau_S2.jpg,p11,5095,19
07_Moskau_S2.jpg,p14,32304,100
07_Moskau_S2.jpg,p15,30328,75
07_Moskau_S2.jpg,p18,22364,54
07_Moskau_S2.jpg,p19,13905,32
07_Moskau_S2.jpg,p2,13772,47
07_Moskau_S2.jpg,p22,12373,30
07_Moskau_S2.jpg,p23,40018,130
07_Moskau_S2.jpg,p26,16158,39
07_Moskau_S2.jpg,p27,50480,144
07_Moskau_S2.jpg,p3,18718,62
07_Moskau_S2.jpg,p30,22547,63
07_Moskau_S2.jpg,p31,10157,43
07_Moskau_S2.jpg,p34,17512,62
07_Moskau_S2.jpg,p35,79243,181
07_Moskau_S2.jpg,p38,18767,71
07_Moskau_S2.jpg,p39,18167,56
07_Moskau_S2.jpg,p6,15267,50
07_Moskau_S2.jpg,p7,26465,83
07b_Moskau_S1.jpg,p10,40731,103
07b_Moskau_S1.jpg,p11,12641,39
07b_Moskau_S1.jpg,p14,21907,68
07b_Moskau_S1.jpg,p15,50973,131
07b_Moskau_S1.jpg,p18,23948,67
07b_Moskau_S1.jpg,p19,43847,116
07b_Moskau_S1.jpg,p2,47341,119
07b_Moskau_S1.jpg,p22,10857,21
07b_Moskau_S1.jpg,p23,46341,191
07b_Moskau_S1.jpg,p26,24682,52
07b_Moskau_S1.jpg,p27,59528,157
07b_Moskau_S1.jpg,p3,27543,95
07b_Moskau_S1.jpg,p30,42014,111
07b_Moskau_S1.jpg,p31,21480,76
07b_Moskau_S1.jpg,p34,27574,83
07b_Moskau_S1.jpg,p35,84881,227
07b_Moskau_S1.jpg,p38,17585,65
07b_Moskau_S1.jpg,p39,25009,92
07b_Moskau_S1.jpg,p6,26380,78
07b_Moskau_S1.jpg,p7,43043,133
07b_Moskau_S2.jpg,p1,10739,41
07b_Moskau_S2.jpg,p12,20347,55
07b_Moskau_S2.jpg,p13,19552,57
07b_Moskau_S2.jpg,p16,16318,61
07b_Moskau_S2.jpg,p17,21813,62
07b_Moskau_S2.jpg,p20,17068,65
07b_Moskau_S2.jpg,p21,25230,58
07b_Moskau_S2.jpg,p24,28029,92
07b_Moskau_S2.jpg,p25,9126,28
07b_Moskau_S2.jpg,p28,36185,109
07b_Moskau_S2.jpg,p29,23944,91
07b_Moskau_S2.jpg,p32,12508,29
07b_Moskau_S2.jpg,p33,9028,28
07b_Moskau_S2.jpg,p36,19963,64
07b_Moskau_S2.jpg,p37,31168,101
07b_Moskau_S2.jpg,p4,22609,87
07b_Moskau_S2.jpg,p40,6829,18
07b_Moskau_S2.jpg,p5,24449,56
07b_Moskau_S2.jpg,p8,16154,35
07b_Moskau_S2.jpg,p9,12358,35
08_Riga_S1.jpg,p1,15451,48
08_Riga_S1.jpg,p12,24699,61
08_Riga_S1.jpg,p13,20164,64
08_Riga_S1.jpg,p16,32071,137
08_Riga_S1.jpg,p17,28877,56
08_Riga_S1.jpg,p20,19400,64
08_Riga_S1.jpg,p21,49575,137
08_Riga_S1.jpg,p24,18901,47
08_Riga_S1.jpg,p25,24893,71
08_Riga_S1.jpg,p28,28409,81
08_Riga_S1.jpg,p29,29988,107
08_Riga_S1.jpg,p32,31392,71
08_Riga_S1.jpg,p33,8261,45
08_Riga_S1.jpg,p36,20964,65
08_Riga_S1.jpg,p37,134097,356
08_Riga_S1.jpg,p4,13853,48
08_Riga_S1.jpg,p40,23563,79
08_Riga_S1.jpg,p5,17217,38
08_Riga_S1.jpg,p8,44752,118
08_Riga_S1.jpg,p9,9340,26
08_Riga_S2.jpg,p10,46664,140
08_Riga_S2.jpg,p11,4246,15
08_Riga_S2.jpg,p14,70365,184
08_Riga_S2.jpg,p15,44946,84
08_Riga_S2.jpg,p18,9743,23
08_Riga_S2.jpg,p19,7176,19
08_Riga_S2.jpg,p2,60437,104
08_Riga_S2.jpg,p22,13339,36
08_Riga_S2.jpg,p23,72907,246
08_Riga_S2.jpg,p26,19966,40
08_Riga_S2.jpg,p27,25728,88
08_Riga_S2.jpg,p3,8240,25
08_Riga_S2.jpg,p30,9092,27
08_Riga_S2.jpg,p31,19518,53
08_Riga_S2.jpg,p34,88141,247
08_Riga_S2.jpg,p35,63677,184
08_Riga_S2.jpg,p38,45897,132
08_Riga_S2.jpg,p39,17354,33
08_Riga_S2.jpg,p6,46477,134
08_Riga_S2.jpg,p7,13169,47
08b_Riga_S1.jpg,p10,56619,130
08b_Riga_S1.jpg,p11,53305,127
08b_Riga_S1.jpg,p14,103982,231
08b_Riga_S1.jpg,p15,95976,215
08b_Riga_S1.jpg,p18,39149,104
08b_Riga_S1.jpg,p19,77538,162
08b_Riga_S1.jpg,p2,80596,183
08b_Riga_S1.jpg,p22,63613,136
08b_Riga_S1.jpg,p23,85691,254
08b_Riga_S1.jpg,p26,71685,207
08b_Riga_S1.jpg,p27,43402,111
08b_Riga_S1.jpg,p3,48239,121
08b_Riga_S1.jpg,p30,26607,68
08b_Riga_S1.jpg,p31,24283,88
08b_Riga_S1.jpg,p34,42661,121
08b_Riga_S1.jpg,p35,73144,205
08b_Riga_S1.jpg,p38,90594,248
08b_Riga_S1.jpg,p39,37806,104
08b_Riga_S1.jpg,p6,14650,43
08b_Riga_S1.jpg,p7,35321,84
08b_Riga_S2.jpg,p1,35014,106
08b_Riga_S2.jpg,p12,32289,108
08b_Riga_S2.jpg,p13,23001,53
08b_Riga_S2.jpg,p16,11360,37
08b_Riga_S2.jpg,p17,18452,46
08b_Riga_S2.jpg,p20,35136,125
08b_Riga_S2.jpg,p21,47477,112
08b_Riga_S2.jpg,p24,42963,128
08b_Riga_S2.jpg,p25,23746,81
08b_Riga_S2.jpg,p28,9341,28
08b_Riga_S2.jpg,p29,19737,49
08b_Riga_S2.jpg,p32,25947,53
08b_Riga_S2.jpg,p33,28911,114
08b_Riga_S2.jpg,p36,12356,35
08b_Riga_S2.jpg,p37,63942,172
08b_Riga_S2.jpg,p4,12890,53
08b_Riga_S2.jpg,p40,13838,44
08b_Riga_S2.jpg,p5,63812,167
08b_Riga_S2.jpg,p8,11327,31
08b_Riga_S2.jpg,p9,15257,44
09_Tokyo_S1.jpg,p1,4727,16
09_Tokyo_S1.jpg,p12,9357,26
09_Tokyo_S1.jpg,p13,5446,27
09_Tokyo_S1.jpg,p16,12105,43
09_Tokyo_S1.jpg,p17,13492,44
09_Tokyo_S1.jpg,p20,8591,33
09_Tokyo_S1.jpg,p21,15038,42
09_Tokyo_S1.jpg,p24,7012,23
09_Tokyo_S1.jpg,p25,7696,23
09_Tokyo_S1.jpg,p28,9826,25
09_Tokyo_S1.jpg,p29,14452,54
09_Tokyo_S1.jpg,p32,18302,53
09_Tokyo_S1.jpg,p33,20033,61
09_Tokyo_S1.jpg,p36,12237,36
09_Tokyo_S1.jpg,p37,11793,40
09_Tokyo_S1.jpg,p4,10092,40
09_Tokyo_S1.jpg,p40,13038,46
09_Tokyo_S1.jpg,p5,10272,39
09_Tokyo_S1.jpg,p8,17233,53
09_Tokyo_S1.jpg,p9,9458,30
09_Tokyo_S2.jpg,p10,17572,65
09_Tokyo_S2.jpg,p11,5278,25
09_Tokyo_S2.jpg,p14,11256,39
09_Tokyo_S2.jpg,p15,30808,85
09_Tokyo_S2.jpg,p18,6811,23
09_Tokyo_S2.jpg,p19,14206,37
09_Tokyo_S2.jpg,p2,13024,31
09_Tokyo_S2.jpg,p22,17801,46
09_Tokyo_S2.jpg,p23,16753,54
09_Tokyo_S2.jpg,p26,8626,39
09_Tokyo_S2.jpg,p27,11687,49
09_Tokyo_S2.jpg,p3,6010,20
09_Tokyo_S2.jpg,p30,6345,16
09_Tokyo_S2.jpg,p31,3630,13
09_Tokyo_S2.jpg,p34,13991,42
09_Tokyo_S2.jpg,p35,20609,70
09_Tokyo_S2.jpg,p38,14436,56
09_Tokyo_S2.jpg,p39,7859,27
09_Tokyo_S2.jpg,p6,8159,35
09_Tokyo_S2.jpg,p7,12271,42
09b_Tokyo_S1.jpg,p10,19366,50
09b_Tokyo_S1.jpg,p11,9793,30
09b_Tokyo_S1.jpg,p14,21264,64
09b_Tokyo_S1.jpg,p15,63033,137
09b_Tokyo_S1.jpg,p18,15420,40
09b_Tokyo_S1.jpg,p19,22495,60
09b_Tokyo_S1.jpg,p2,13772,36
09b_Tokyo_S1.jpg,p22,19299,54
09b_Tokyo_S1.jpg,p23,33471,115
09b_Tokyo_S1.jpg,p26,15801,33
09b_Tokyo_S1.jpg,p27,51903,156
09b_Tokyo_S1.jpg,p3,25911,69
09b_Tokyo_S1.jpg,p30,14138,34
09b_Tokyo_S1.jpg,p31,8809,29
09b_Tokyo_S1.jpg,p34,15269,42
09b_Tokyo_S1.jpg,p35,82380,197
09b_Tokyo_S1.jpg,p38,29513,53
09b_Tokyo_S1.jpg,p39,16800,54
09b_Tokyo_S1.jpg,p6,12253,43
09b_Tokyo_S1.jpg,p7,21917,64
09b_Tokyo_S2.jpg,p1,12158,33
09b_Tokyo_S2.jpg,p12,17149,56
09b_Tokyo_S2.jpg,p13,6044,29
09b_Tokyo_S2.jpg,p16,17470,61
09b_Tokyo_S2.jpg,p17,17303,61
09b_Tokyo_S2.jpg,p20,15537,55
09b_Tokyo_S2.jpg,p21,11156,33
09b_Tokyo_S2.jpg,p24,8975,30
09b_Tokyo_S2.jpg,p25,14102,37
09b_Tokyo_S2.jpg,p28,9040,30
09b_Tokyo_S2.jpg,p29,22459,89
09b_Tokyo_S2.jpg,p32,12606,45
09b_Tokyo_S2.jpg,p33,7559,28
09b_Tokyo_S2.jpg,p36,12155,38
09b_Tokyo_S2.jpg,p37,30237,99
09b_Tokyo_S2.jpg,p4,62687,241
09b_Tokyo_S2.jpg,p40,10474,32
09b_Tokyo_S2.jpg,p5,30136,84
09b_Tokyo_S2.jpg,p8,7809,24
09b_Tokyo_S2.jpg,p9,10974,36
10_Barcelona_S1.jpg,p1,2998,10
10_Barcelona_S1.jpg,p12,8041,27
10_Barcelona_S1.jpg,p13,5613,19
10_Barcelona_S1.jpg,p16,10440,31
10_Barcelona_S1.jpg,p17,12623,40
10_Barcelona_S1.jpg,p20,6494,27
10_Barcelona_S1.jpg,p21,3814,12
10_Barcelona_S1.jpg,p24,12354,34
10_Barcelona_S1.jpg,p25,15206,35
10_Barcelona_S1.jpg,p28,5627,18
10_Barcelona_S1.jpg,p29,10556,35
10_Barcelona_S1.jpg,p32,11840,30
10_Barcelona_S1.jpg,p33,3081,8
10_Barcelona_S1.jpg,p36,6977,16
10_Barcelona_S1.jpg,p37,5713,16
10_Barcelona_S1.jpg,p4,5944,21
10_Barcelona_S1.jpg,p40,7841,29
10_Barcelona_S1.jpg,p5,7109,21
10_Barcelona_S1.jpg,p8,9758,23
10_Barcelona_S1.jpg,p9,6145,18
10_Barcelona_S2.jpg,p10,23494,55
10_Barcelona_S2.jpg,p11,8643,25
10_Barcelona_S2.jpg,p14,16705,32
10_Barcelona_S2.jpg,p15,38833,95
10_Barcelona_S2.jpg,p18,42103,92
10_Barcelona_S2.jpg,p19,46932,87
10_Barcelona_S2.jpg,p2,14456,35
10_Barcelona_S2.jpg,p22,24063,41
10_Barcelona_S2.jpg,p23,10158,31
10_Barcelona_S2.jpg,p26,9859,19
10_Barcelona_S2.jpg,p27,21433,56
10_Barcelona_S2.jpg,p3,6012,15
10_Barcelona_S2.jpg,p30,23598,46
10_Barcelona_S2.jpg,p31,7177,20
10_Barcelona_S2.jpg,p34,16822,40
10_Barcelona_S2.jpg,p35,16405,40
10_Barcelona_S2.jpg,p38,18068,50
10_Barcelona_S2.jpg,p39,14406,40
10_Barcelona_S2.jpg,p6,5979,19
10_Barcelona_S2.jpg,p7,9342,21
10b_Barcelona_S1.jpg,p10,32856,58
10b_Barcelona_S1.jpg,p11,6327,20
10b_Barcelona_S1.jpg,p14,8295,19
10b_Barcelona_S1.jpg,p15,35743,66
10b_Barcelona_S1.jpg,p18,7276,23
10b_Barcelona_S1.jpg,p19,12354,33
10b_Barcelona_S1.jpg,p2,11091,24
10b_Barcelona_S1.jpg,p22,16384,37
10b_Barcelona_S1.jpg,p23,12205,46
10b_Barcelona_S1.jpg,p26,6295,12
10b_Barcelona_S1.jpg,p27,21232,51
10b_Barcelona_S1.jpg,p3,21300,43
10b_Barcelona_S1.jpg,p30,7012,16
10b_Barcelona_S1.jpg,p31,10309,32
10b_Barcelona_S1.jpg,p34,11123,33
10b_Barcelona_S1.jpg,p35,23299,65
10b_Barcelona_S1.jpg,p38,13754,33
10b_Barcelona_S1.jpg,p39,13407,27
10b_Barcelona_S1.jpg,p6,4545,15
10b_Barcelona_S1.jpg,p7,15655,36
10b_Barcelona_S2.jpg,p1,6894,16
10b_Barcelona_S2.jpg,p12,14387,34
10b_Barcelona_S2.jpg,p13,21733,50
10b_Barcelona_S2.jpg,p16,23209,69
10b_Barcelona_S2.jpg,p17,12987,34
10b_Barcelona_S2.jpg,p20,6178,22
10b_Barcelona_S2.jpg,p21,27330,50
10b_Barcelona_S2.jpg,p24,29808,76
10b_Barcelona_S2.jpg,p25,17886,42
10b_Barcelona_S2.jpg,p28,16822,32
10b_Barcelona_S2.jpg,p29,14466,43
10b_Barcelona_S2.jpg,p32,11258,25
10b_Barcelona_S2.jpg,p33,3996,20
10b_Barcelona_S2.jpg,p36,18254,27
10b_Barcelona_S2.jpg,p37,13057,37
10b_Barcelona_S2.jpg,p4,7344,20
10b_Barcelona_S2.jpg,p40,11491,28
10b_Barcelona_S2.jpg,p5,10809,31
10b_Barcelona_S2.jpg,p8,5995,18
10b_Barcelona_S2.jpg,p9,11840,23
11_Bologna_S1.jpg,p1,13004,42
11_Bologna_S1.jpg,p12,38201,107
11_Bologna_S1.jpg,p13,9808,31
11_Bologna_S1.jpg,p16,25775,103
11_Bologna_S1.jpg,p17,29876,78
11_Bologna_S1.jpg,p20,38999,134
11_Bologna_S1.jpg,p21,28592,72
11_Bologna_S1.jpg,p24,19863,71
11_Bologna_S1.jpg,p25,42228,122
11_Bologna_S1.jpg,p28,94064,301
11_Bologna_S1.jpg,p29,59458,211
11_Bologna_S1.jpg,p32,38566,117
11_Bologna_S1.jpg,p33,25213,86
11_Bologna_S1.jpg,p36,16836,50
11_Bologna_S1.jpg,p37,23749,78
11_Bologna_S1.jpg,p4,38661,144
11_Bologna_S1.jpg,p40,21803,62
11_Bologna_S1.jpg,p5,19000,64
11_Bologna_S1.jpg,p8,43066,91
11_Bologna_S1.jpg,p9,15454,49
11_Bologna_S2.jpg,p10,31755,96
11_Bologna_S2.jpg,p11,26396,79
11_Bologna_S2.jpg,p14,35739,112
11_Bologna_S2.jpg,p15,39884,128
11_Bologna_S2.jpg,p18,81447,237
11_Bologna_S2.jpg,p19,15919,49
11_Bologna_S2.jpg,p2,33985,97
11_Bologna_S2.jpg,p22,34584,84
11_Bologna_S2.jpg,p23,24525,94
11_Bologna_S2.jpg,p26,23378,70
11_Bologna_S2.jpg,p27,15550,57
11_Bologna_S2.jpg,p3,26028,65
11_Bologna_S2.jpg,p30,38768,92
11_Bologna_S2.jpg,p31,37563,119
11_Bologna_S2.jpg,p34,40776,132
11_Bologna_S2.jpg,p35,49234,138
11_Bologna_S2.jpg,p38,47469,171
11_Bologna_S2.jpg,p39,16782,60
11_Bologna_S2.jpg,p6,15732,57
11_Bologna_S2.jpg,p7,23663,65
11b_Bologna_S1.jpg,p10,32839,81
11b_Bologna_S1.jpg,p11,36818,114
11b_Bologna_S1.jpg,p14,32340,99
11b_Bologna_S1.jpg,p15,106326,328
11b_Bologna_S1.jpg,p18,54172,127
11b_Bologna_S1.jpg,p19,32589,85
11b_Bologna_S1.jpg,p2,34807,82
11b_Bologna_S1.jpg,p22,51956,120
11b_Bologna_S1.jpg,p23,64529,229
11b_Bologna_S1.jpg,p26,24899,48
11b_Bologna_S1.jpg,p27,113993,317
11b_Bologna_S1.jpg,p3,35841,86
11b_Bologna_S1.jpg,p30,20415,58
11b_Bologna_S1.jpg,p31,74938,210
11b_Bologna_S1.jpg,p34,20584,60
11b_Bologna_S1.jpg,p35,116556,302
11b_Bologna_S1.jpg,p38,35365,110
11b_Bologna_S1.jpg,p39,24629,68
11b_Bologna_S1.jpg,p6,22347,69
11b_Bologna_S1.jpg,p7,56618,152
11b_Bologna_S2.jpg,p1,14022,48
11b_Bologna_S2.jpg,p12,44718,141
11b_Bologna_S2.jpg,p13,17019,51
11b_Bologna_S2.jpg,p16,74229,237
11b_Bologna_S2.jpg,p17,22095,73
11b_Bologna_S2.jpg,p20,17334,74
11b_Bologna_S2.jpg,p21,84599,202
11b_Bologna_S2.jpg,p24,17234,53
11b_Bologna_S2.jpg,p25,34031,92
11b_Bologna_S2.jpg,p28,33944,80
11b_Bologna_S2.jpg,p29,34419,120
11b_Bologna_S2.jpg,p32,24926,68
11b_Bologna_S2.jpg,p33,7726,51
11b_Bologna_S2.jpg,p36,19386,46
11b_Bologna_S2.jpg,p37,30105,109
11b_Bologna_S2.jpg,p4,71417,267
11b_Bologna_S2.jpg,p40,74068,180
11b_Bologna_S2.jpg,p5,33436,86
11b_Bologna_S2.jpg,p8,133307,335
11b_Bologna_S2.jpg,p9,18931,56
12_Brüssel_S1.jpg,p1,6993,22
12_Brüssel_S1.jpg,p12,45382,148
12_Brüssel_S1.jpg,p13,14521,58
12_Brüssel_S1.jpg,p16,58166,197
12_Brüssel_S1.jpg,p17,32138,88
12_Brüssel_S1.jpg,p20,20681,77
12_Brüssel_S1.jpg,p21,37519,102
12_Brüssel_S1.jpg,p24,17416,44
12_Brüssel_S1.jpg,p25,21832,57
12_Brüssel_S1.jpg,p28,28869,84
12_Brüssel_S1.jpg,p29,11107,32
12_Brüssel_S1.jpg,p32,19864,64
12_Brüssel_S1.jpg,p33,17880,61
12_Brüssel_S1.jpg,p36,29142,75
12_Brüssel_S1.jpg,p37,19002,55
12_Brüssel_S1.jpg,p4,9525,28
12_Brüssel_S1.jpg,p40,23494,75
12_Brüssel_S1.jpg,p5,17706,54
12_Brüssel_S1.jpg,p8,20550,48
12_Brüssel_S1.jpg,p9,11469,34
12_Brüssel_S2.jpg,p10,25276,68
12_Brüssel_S2.jpg,p11,11690,43
12_Brüssel_S2.jpg,p14,19814,55
12_Brüssel_S2.jpg,p15,44846,104
12_Brüssel_S2.jpg,p18,30197,110
12_Brüssel_S2.jpg,p19,26064,59
12_Brüssel_S2.jpg,p2,25479,76
12_Brüssel_S2.jpg,p22,27029,72
12_Brüssel_S2.jpg,p23,24112,94
12_Brüssel_S2.jpg,p26,10659,23
12_Brüssel_S2.jpg,p27,40615,139
12_Brüssel_S2.jpg,p3,21647,52
12_Brüssel_S2.jpg,p30,20565,57
12_Brüssel_S2.jpg,p31,4779,16
12_Brüssel_S2.jpg,p34,19012,61
12_Brüssel_S2.jpg,p35,60852,165
12_Brüssel_S2.jpg,p38,22745,74
12_Brüssel_S2.jpg,p39,25461,73
12_Brüssel_S2.jpg,p6,11705,38
12_Brüssel_S2.jpg,p7,29210,88
12b_Brüssel_S1.jpg,p10,24706,107
12b_Brüssel_S1.jpg,p11,12058,23
12b_Brüssel_S1.jpg,p14,26412,77
12b_Brüssel_S1.jpg,p15,81640,176
12b_Brüssel_S1.jpg,p18,44044,109
12b_Brüssel_S1.jpg,p19,31444,68
12b_Brüssel_S1.jpg,p2,31756,75
12b_Brüssel_S1.jpg,p22,26463,56
12b_Brüssel_S1.jpg,p23,24876,90
12b_Brüssel_S1.jpg,p26,27044,65
12b_Brüssel_S1.jpg,p27,68041,165
12b_Brüssel_S1.jpg,p3,27278,64
12b_Brüssel_S1.jpg,p30,19830,62
12b_Brüssel_S1.jpg,p31,8291,32
12b_Brüssel_S1.jpg,p34,30355,105
12b_Brüssel_S1.jpg,p35,60832,134
12b_Brüssel_S1.jpg,p38,42765,107
12b_Brüssel_S1.jpg,p39,13824,59
12b_Brüssel_S1.jpg,p6,15913,54
12b_Brüssel_S1.jpg,p7,22248,46
12b_Brüssel_S2.jpg,p1,6427,19
12b_Brüssel_S2.jpg,p12,17055,56
12b_Brüssel_S2.jpg,p13,11956,36
12b_Brüssel_S2.jpg,p16,15919,62
12b_Brüssel_S2.jpg,p17,28325,85
12b_Brüssel_S2.jpg,p20,20899,64
12b_Brüssel_S2.jpg,p21,16124,35
12b_Brüssel_S2.jpg,p24,33273,93
12b_Brüssel_S2.jpg,p25,12505,33
12b_Brüssel_S2.jpg,p28,17085,46
12b_Brüssel_S2.jpg,p29,21177,79
12b_Brüssel_S2.jpg,p32,17672,39
12b_Brüssel_S2.jpg,p33,12657,27
12b_Brüssel_S2.jpg,p36,10907,31
12b_Brüssel_S2.jpg,p37,22382,60
12b_Brüssel_S2.jpg,p4,8577,37
12b_Brüssel_S2.jpg,p40,17018,37
12b_Brüssel_S2.jpg,p5,17184,57
12b_Brüssel_S2.jpg,p8,40432,80
12b_Brüssel_S2.jpg,p9,16238,46
13_Budapest_S1.jpg,p1,20785,55
13_Budapest_S1.jpg,p12,34936,106
13_Budapest_S1.jpg,p13,13655,46
13_Budapest_S1.jpg,p16,17801,46
13_Budapest_S1.jpg,p17,33520,90
13_Budapest_S1.jpg,p20,28678,74
13_Budapest_S1.jpg,p21,31324,68
13_Budapest_S1.jpg,p24,23779,79
13_Budapest_S1.jpg,p25,16204,37
13_Budapest_S1.jpg,p28,34134,77
13_Budapest_S1.jpg,p29,13850,54
13_Budapest_S1.jpg,p32,14008,33
13_Budapest_S1.jpg,p33,11471,35
13_Budapest_S1.jpg,p36,18871,41
13_Budapest_S1.jpg,p37,25147,64
13_Budapest_S1.jpg,p4,5697,28
13_Budapest_S1.jpg,p40,23245,81
13_Budapest_S1.jpg,p5,21847,51
13_Budapest_S1.jpg,p8,26448,61
13_Budapest_S1.jpg,p9,24129,45
13_Budapest_S2.jpg,p10,31375,149
13_Budapest_S2.jpg,p11,8326,25
13_Budapest_S2.jpg,p14,26265,87
13_Budapest_S2.jpg,p15,36108,93
13_Budapest_S2.jpg,p18,44364,127
13_Budapest_S2.jpg,p19,43734,67
13_Budapest_S2.jpg,p2,36165,89
13_Budapest_S2.jpg,p22,30206,81
13_Budapest_S2.jpg,p23,27176,114
13_Budapest_S2.jpg,p26,26126,66
13_Budapest_S2.jpg,p27,32591,71
13_Budapest_S2.jpg,p3,18199,51
13_Budapest_S2.jpg,p30,13056,48
13_Budapest_S2.jpg,p31,20417,48
13_Budapest_S2.jpg,p34,26511,85
13_Budapest_S2.jpg,p35,60564,153
13_Budapest_S2.jpg,p38,66871,193
13_Budapest_S2.jpg,p39,50075,140
13_Budapest_S2.jpg,p6,15303,44
13_Budapest_S2.jpg,p7,21132,54
13b_Budapest_S1.jpg,p10,26061,42
13b_Budapest_S1.jpg,p11,29958,81
13b_Budapest_S1.jpg,p14,39934,79
13b_Budapest_S1.jpg,p15,89993,164
13b_Budapest_S1.jpg,p18,20666,51
13b_Budapest_S1.jpg,p19,71510,155
13b_Budapest_S1.jpg,p2,45027,118
13b_Budapest_S1.jpg,p22,79511,195
13b_Budapest_S1.jpg,p23,50157,126
13b_Budapest_S1.jpg,p26,15357,23
13b_Budapest_S1.jpg,p27,51683,113
13b_Budapest_S1.jpg,p3,27075,67
13b_Budapest_S1.jpg,p30,24411,70
13b_Budapest_S1.jpg,p31,22129,63
13b_Budapest_S1.jpg,p34,16631,55
13b_Budapest_S1.jpg,p35,41051,123
13b_Budapest_S1.jpg,p38,38051,97
13b_Budapest_S1.jpg,p39,49389,154
13b_Budapest_S1.jpg,p6,16455,41
13b_Budapest_S1.jpg,p7,30223,86
13b_Budapest_S2.jpg,p1,12420,31
13b_Budapest_S2.jpg,p12,28925,75
13b_Budapest_S2.jpg,p13,10527,28
13b_Budapest_S2.jpg,p16,24349,78
13b_Budapest_S2.jpg,p17,20701,58
13b_Budapest_S2.jpg,p20,21564,67
13b_Budapest_S2.jpg,p21,36186,76
13b_Budapest_S2.jpg,p24,21214,56
13b_Budapest_S2.jpg,p25,35438,101
13b_Budapest_S2.jpg,p28,79902,204
13b_Budapest_S2.jpg,p29,33687,104
13b_Budapest_S2.jpg,p32,15520,21
13b_Budapest_S2.jpg,p33,10774,29
13b_Budapest_S2.jpg,p36,16555,36
13b_Budapest_S2.jpg,p37,30443,93
13b_Budapest_S2.jpg,p4,17634,51
13b_Budapest_S2.jpg,p40,22298,44
13b_Budapest_S2.jpg,p5,90960,244
13b_Budapest_S2.jpg,p8,24651,50
13b_Budapest_S2.jpg,p9,14758,29
14_Düsseldorf_S1.jpg,p1,3679,12
14_Düsseldorf_S1.jpg,p12,13040,42
14_Düsseldorf_S1.jpg,p13,5513,21
14_Düsseldorf_S1.jpg,p16,8676,30
14_Düsseldorf_S1.jpg,p17,7177,13
14_Düsseldorf_S1.jpg,p20,8824,33
14_Düsseldorf_S1.jpg,p21,6180,14
14_Düsseldorf_S1.jpg,p24,7459,22
14_Düsseldorf_S1.jpg,p25,8910,27
14_Düsseldorf_S1.jpg,p28,14452,48
14_Düsseldorf_S1.jpg,p29,6728,21
14_Düsseldorf_S1.jpg,p32,5897,13
14_Düsseldorf_S1.jpg,p33,3431,12
14_Düsseldorf_S1.jpg,p36,4598,11
14_Düsseldorf_S1.jpg,p37,8274,26
14_Düsseldorf_S1.jpg,p4,5929,22
14_Düsseldorf_S1.jpg,p40,8228,26
14_Düsseldorf_S1.jpg,p5,6476,29
14_Düsseldorf_S1.jpg,p8,19367,47
14_Düsseldorf_S1.jpg,p9,8461,25
14_Düsseldorf_S2.jpg,p10,13872,36
14_Düsseldorf_S2.jpg,p11,6028,13
14_Düsseldorf_S2.jpg,p14,20552,42
14_Düsseldorf_S2.jpg,p15,18851,37
14_Düsseldorf_S2.jpg,p18,9857,27
14_Düsseldorf_S2.jpg,p19,17614,29
14_Düsseldorf_S2.jpg,p2,12474,31
14_Düsseldorf_S2.jpg,p22,18218,29
14_Düsseldorf_S2.jpg,p23,19516,72
14_Düsseldorf_S2.jpg,p26,6361,16
14_Düsseldorf_S2.jpg,p27,9809,16
14_Düsseldorf_S2.jpg,p3,6628,16
14_Düsseldorf_S2.jpg,p30,5562,17
14_Düsseldorf_S2.jpg,p31,4629,7
14_Düsseldorf_S2.jpg,p34,19004,45
14_Düsseldorf_S2.jpg,p35,11675,28
14_Düsseldorf_S2.jpg,p38,21483,80
14_Düsseldorf_S2.jpg,p39,8777,15
14_Düsseldorf_S2.jpg,p6,5895,20
14_Düsseldorf_S2.jpg,p7,7960,15
14b_Düsseldorf_S1.jpg,p10,9259,25
14b_Düsseldorf_S1.jpg,p11,6510,22
14b_Düsseldorf_S1.jpg,p14,9626,27
14b_Düsseldorf_S1.jpg,p15,23515,41
14b_Düsseldorf_S1.jpg,p18,14137,33
14b_Düsseldorf_S1.jpg,p19,28277,81
14b_Düsseldorf_S1.jpg,p2,7743,21
14b_Düsseldorf_S1.jpg,p22,11807,22
14b_Düsseldorf_S1.jpg,p23,10410,37
14b_Düsseldorf_S1.jpg,p26,8361,17
14b_Düsseldorf_S1.jpg,p27,14421,46
14b_Düsseldorf_S1.jpg,p3,12256,40
14b_Düsseldorf_S1.jpg,p30,7727,22
14b_Düsseldorf_S1.jpg,p31,3897,18
14b_Düsseldorf_S1.jpg,p34,11373,30
14b_Düsseldorf_S1.jpg,p35,17780,60
14b_Düsseldorf_S1.jpg,p38,10924,41
14b_Düsseldorf_S1.jpg,p39,15153,57
14b_Düsseldorf_S1.jpg,p6,7693,19
14b_Düsseldorf_S1.jpg,p7,4976,19
14b_Düsseldorf_S2.jpg,p1,16752,46
14b_Düsseldorf_S2.jpg,p12,23730,63
14b_Düsseldorf_S2.jpg,p13,13322,25
14b_Düsseldorf_S2.jpg,p16,20579,67
14b_Düsseldorf_S2.jpg,p17,12923,10
14b_Düsseldorf_S2.jpg,p20,14454,48
14b_Düsseldorf_S2.jpg,p21,11607,33
14b_Düsseldorf_S2.jpg,p24,16473,34
14b_Düsseldorf_S2.jpg,p25,25396,58
14b_Düsseldorf_S2.jpg,p28,18535,30
14b_Düsseldorf_S2.jpg,p29,17333,45
14b_Düsseldorf_S2.jpg,p32,14438,19
14b_Düsseldorf_S2.jpg,p33,4460,23
14b_Düsseldorf_S2.jpg,p36,17734,38
14b_Düsseldorf_S2.jpg,p37,21352,51
14b_Düsseldorf_S2.jpg,p4,20481,60
14b_Düsseldorf_S2.jpg,p40,6544,12
14b_Düsseldorf_S2.jpg,p5,23267,55
14b_Düsseldorf_S2.jpg,p8,7977,22
14b_Düsseldorf_S2.jpg,p9,19383,38
15_Göteborg_S1.jpg,p1,6028,22
15_Göteborg_S1.jpg,p12,16791,48
15_Göteborg_S1.jpg,p13,6294,22
15_Göteborg_S1.jpg,p16,29788,105
15_Göteborg_S1.jpg,p17,12520,50
15_Göteborg_S1.jpg,p20,7707,31
15_Göteborg_S1.jpg,p21,11357,34
15_Göteborg_S1.jpg,p24,13655,41
15_Göteborg_S1.jpg,p25,9926,33
15_Göteborg_S1.jpg,p28,16107,49
15_Göteborg_S1.jpg,p29,11767,50
15_Göteborg_S1.jpg,p32,15384,52
15_Göteborg_S1.jpg,p33,8642,42
15_Göteborg_S1.jpg,p36,10821,37
15_Göteborg_S1.jpg,p37,12390,42
15_Göteborg_S1.jpg,p4,16985,69
15_Göteborg_S1.jpg,p40,28459,93
15_Göteborg_S1.jpg,p5,27226,97
15_Göteborg_S1.jpg,p8,22317,66
15_Göteborg_S1.jpg,p9,7078,26
15_Göteborg_S2.jpg,p10,29033,89
15_Göteborg_S2.jpg,p11,8976,34
15_Göteborg_S2.jpg,p14,27160,91
15_Göteborg_S2.jpg,p15,20049,62
15_Göteborg_S2.jpg,p18,9362,39
15_Göteborg_S2.jpg,p19,11057,38
15_Göteborg_S2.jpg,p2,25058,80
15_Göteborg_S2.jpg,p22,10924,31
15_Göteborg_S2.jpg,p23,15136,64
15_Göteborg_S2.jpg,p26,8473,28
15_Göteborg_S2.jpg,p27,20645,87
15_Göteborg_S2.jpg,p3,9391,36
15_Göteborg_S2.jpg,p30,4944,24
15_Göteborg_S2.jpg,p31,3979,15
15_Göteborg_S2.jpg,p34,12572,40
15_Göteborg_S2.jpg,p35,12986,45
15_Göteborg_S2.jpg,p38,15950,70
15_Göteborg_S2.jpg,p39,12023,48
15_Göteborg_S2.jpg,p6,9556,46
15_Göteborg_S2.jpg,p7,12572,42
15b_Göteborg_S1.jpg,p10,24096,84
15b_Göteborg_S1.jpg,p11,17637,55
15b_Göteborg_S1.jpg,p14,22779,71
15b_Göteborg_S1.jpg,p15,22981,46
15b_Göteborg_S1.jpg,p18,33272,111
15b_Göteborg_S1.jpg,p19,38930,121
15b_Göteborg_S1.jpg,p2,24993,66
15b_Göteborg_S1.jpg,p22,20052,52
15b_Göteborg_S1.jpg,p23,12508,55
15b_Göteborg_S1.jpg,p26,15219,40
15b_Göteborg_S1.jpg,p27,43092,132
15b_Göteborg_S1.jpg,p3,23708,77
15b_Göteborg_S1.jpg,p30,34634,106
15b_Göteborg_S1.jpg,p31,6409,27
15b_Göteborg_S1.jpg,p34,22028,68
15b_Göteborg_S1.jpg,p35,53905,172
15b_Göteborg_S1.jpg,p38,22363,58
15b_Göteborg_S1.jpg,p39,38832,123
15b_Göteborg_S1.jpg,p6,10528,41
15b_Göteborg_S1.jpg,p7,24426,79
15b_Göteborg_S2.jpg,p1,9889,35
15b_Göteborg_S2.jpg,p12,9924,31
15b_Göteborg_S2.jpg,p13,10708,45
15b_Göteborg_S2.jpg,p16,9658,38
15b_Göteborg_S2.jpg,p17,10190,38
15b_Göteborg_S2.jpg,p20,8511,31
15b_Göteborg_S2.jpg,p21,12255,44
15b_Göteborg_S2.jpg,p24,11208,43
15b_Göteborg_S2.jpg,p25,14703,53
15b_Göteborg_S2.jpg,p28,24744,80
15b_Göteborg_S2.jpg,p29,26901,111
15b_Göteborg_S2.jpg,p32,12157,31
15b_Göteborg_S2.jpg,p33,16487,50
15b_Göteborg_S2.jpg,p36,12956,32
15b_Göteborg_S2.jpg,p37,35468,131
15b_Göteborg_S2.jpg,p4,10055,41
15b_Göteborg_S2.jpg,p40,5928,25
15b_Göteborg_S2.jpg,p5,19469,53
15b_Göteborg_S2.jpg,p8,17187,50
15b_Göteborg_S2.jpg,p9,14720,50
16_Hong_Kong_S1.jpg,p1,3630,10
16_Hong_Kong_S1.jpg,p12,11956,41
16_Hong_Kong_S1.jpg,p13,7509,26
16_Hong_Kong_S1.jpg,p16,10574,36
16_Hong_Kong_S1.jpg,p17,12156,42
16_Hong_Kong_S1.jpg,p20,7911,29
16_Hong_Kong_S1.jpg,p21,6194,19
16_Hong_Kong_S1.jpg,p24,6726,26
16_Hong_Kong_S1.jpg,p25,8208,24
16_Hong_Kong_S1.jpg,p28,15039,50
16_Hong_Kong_S1.jpg,p29,8075,26
16_Hong_Kong_S1.jpg,p32,6391,25
16_Hong_Kong_S1.jpg,p33,9172,38
16_Hong_Kong_S1.jpg,p36,5795,19
16_Hong_Kong_S1.jpg,p37,8125,32
16_Hong_Kong_S1.jpg,p4,5211,22
16_Hong_Kong_S1.jpg,p40,9589,31
16_Hong_Kong_S1.jpg,p5,6660,17
16_Hong_Kong_S1.jpg,p8,11107,28
16_Hong_Kong_S1.jpg,p9,5177,17
16_Hong_Kong_S2.jpg,p10,10206,31
16_Hong_Kong_S2.jpg,p11,11123,35
16_Hong_Kong_S2.jpg,p14,15318,45
16_Hong_Kong_S2.jpg,p15,21365,57
16_Hong_Kong_S2.jpg,p18,12690,41
16_Hong_Kong_S2.jpg,p19,10692,29
16_Hong_Kong_S2.jpg,p2,19766,61
16_Hong_Kong_S2.jpg,p22,14736,34
16_Hong_Kong_S2.jpg,p23,16800,54
16_Hong_Kong_S2.jpg,p26,7510,15
16_Hong_Kong_S2.jpg,p27,17916,58
16_Hong_Kong_S2.jpg,p3,5861,21
16_Hong_Kong_S2.jpg,p30,8523,28
16_Hong_Kong_S2.jpg,p31,10141,37
16_Hong_Kong_S2.jpg,p34,13320,41
16_Hong_Kong_S2.jpg,p35,20150,57
16_Hong_Kong_S2.jpg,p38,15621,51
16_Hong_Kong_S2.jpg,p39,15970,42
16_Hong_Kong_S2.jpg,p6,8010,32
16_Hong_Kong_S2.jpg,p7,15187,40
16b_Hong_Kong_S1.jpg,p10,11589,31
16b_Hong_Kong_S1.jpg,p11,6128,19
16b_Hong_Kong_S1.jpg,p14,8659,25
16b_Hong_Kong_S1.jpg,p15,30209,92
16b_Hong_Kong_S1.jpg,p18,10739,31
16b_Hong_Kong_S1.jpg,p19,13553,36
16b_Hong_Kong_S1.jpg,p2,5944,17
16b_Hong_Kong_S1.jpg,p22,9555,27
16b_Hong_Kong_S1.jpg,p23,14319,43
16b_Hong_Kong_S1.jpg,p26,7926,26
16b_Hong_Kong_S1.jpg,p27,19933,52
16b_Hong_Kong_S1.jpg,p3,8259,27
16b_Hong_Kong_S1.jpg,p30,5745,22
16b_Hong_Kong_S1.jpg,p31,10239,45
16b_Hong_Kong_S1.jpg,p34,10024,33
16b_Hong_Kong_S1.jpg,p35,37047,101
16b_Hong_Kong_S1.jpg,p38,12787,46
16b_Hong_Kong_S1.jpg,p39,11055,30
16b_Hong_Kong_S1.jpg,p6,5758,24
16b_Hong_Kong_S1.jpg,p7,17334,51
16b_Hong_Kong_S2.jpg,p1,7525,28
16b_Hong_Kong_S2.jpg,p12,13122,42
16b_Hong_Kong_S2.jpg,p13,13189,41
16b_Hong_Kong_S2.jpg,p16,16951,63
16b_Hong_Kong_S2.jpg,p17,14451,46
16b_Hong_Kong_S2.jpg,p20,7627,26
16b_Hong_Kong_S2.jpg,p21,14172,34
16b_Hong_Kong_S2.jpg,p24,9307,32
16b_Hong_Kong_S2.jpg,p25,12055,33
16b_Hong_Kong_S2.jpg,p28,24613,70
16b_Hong_Kong_S2.jpg,p29,12053,43
16b_Hong_Kong_S2.jpg,p32,12722,30
16b_Hong_Kong_S2.jpg,p33,11457,34
16b_Hong_Kong_S2.jpg,p36,5763,16
16b_Hong_Kong_S2.jpg,p37,12475,41
16b_Hong_Kong_S2.jpg,p4,11389,41
16b_Hong_Kong_S2.jpg,p40,8377,29
16b_Hong_Kong_S2.jpg,p5,11976,27
16b_Hong_Kong_S2.jpg,p8,12339,25
16b_Hong_Kong_S2.jpg,p9,8612,25
17_Krakau_S1.jpg,p1,21349,47
17_Krakau_S1.jpg,p12,20929,55
17_Krakau_S1.jpg,p13,19517,46
17_Krakau_S1.jpg,p16,70522,188
17_Krakau_S1.jpg,p17,25312,70
17_Krakau_S1.jpg,p20,27046,98
17_Krakau_S1.jpg,p21,61673,146
17_Krakau_S1.jpg,p24,27526,61
17_Krakau_S1.jpg,p25,20434,39
17_Krakau_S1.jpg,p28,26558,70
17_Krakau_S1.jpg,p29,25646,78
17_Krakau_S1.jpg,p32,11240,26
17_Krakau_S1.jpg,p33,15939,61
17_Krakau_S1.jpg,p36,67927,157
17_Krakau_S1.jpg,p37,46513,110
17_Krakau_S1.jpg,p4,27555,85
17_Krakau_S1.jpg,p40,22964,68
17_Krakau_S1.jpg,p5,22065,53
17_Krakau_S1.jpg,p8,22696,47
17_Krakau_S1.jpg,p9,15770,47
17_Krakau_S2.jpg,p10,24563,64
17_Krakau_S2.jpg,p11,19116,52
17_Krakau_S2.jpg,p14,68876,176
17_Krakau_S2.jpg,p15,138187,222
17_Krakau_S2.jpg,p18,30310,65
17_Krakau_S2.jpg,p19,11971,25
17_Krakau_S2.jpg,p2,41149,92
17_Krakau_S2.jpg,p22,55804,130
17_Krakau_S2.jpg,p23,103691,311
17_Krakau_S2.jpg,p26,28577,75
17_Krakau_S2.jpg,p27,43395,109
17_Krakau_S2.jpg,p3,16451,46
17_Krakau_S2.jpg,p30,17915,55
17_Krakau_S2.jpg,p31,25912,70
17_Krakau_S2.jpg,p34,32637,86
17_Krakau_S2.jpg,p35,80888,187
17_Krakau_S2.jpg,p38,41478,118
17_Krakau_S2.jpg,p39,45413,122
17_Krakau_S2.jpg,p6,27232,62
17_Krakau_S2.jpg,p7,17185,40
17b_Krakau_S1.jpg,p10,32262,77
17b_Krakau_S1.jpg,p11,110376,258
17b_Krakau_S1.jpg,p14,79691,98
17b_Krakau_S1.jpg,p15,87492,179
17b_Krakau_S1.jpg,p18,49031,82
17b_Krakau_S1.jpg,p19,28962,57
17b_Krakau_S1.jpg,p2,22351,44
17b_Krakau_S1.jpg,p22,32793,53
17b_Krakau_S1.jpg,p23,62060,189
17b_Krakau_S1.jpg,p26,45395,86
17b_Krakau_S1.jpg,p27,70494,162
17b_Krakau_S1.jpg,p3,25477,63
17b_Krakau_S1.jpg,p30,21584,50
17b_Krakau_S1.jpg,p31,34672,76
17b_Krakau_S1.jpg,p34,55921,134
17b_Krakau_S1.jpg,p35,116082,210
17b_Krakau_S1.jpg,p38,40216,111
17b_Krakau_S1.jpg,p39,33473,83
17b_Krakau_S1.jpg,p6,38850,73
17b_Krakau_S1.jpg,p7,33085,68
17b_Krakau_S2.jpg,p1,20751,41
17b_Krakau_S2.jpg,p12,46276,112
17b_Krakau_S2.jpg,p13,34405,69
17b_Krakau_S2.jpg,p16,28844,60
17b_Krakau_S2.jpg,p17,45468,103
17b_Krakau_S2.jpg,p20,35604,112
17b_Krakau_S2.jpg,p21,78553,169
17b_Krakau_S2.jpg,p24,30321,65
17b_Krakau_S2.jpg,p25,17186,42
17b_Krakau_S2.jpg,p28,37100,70
17b_Krakau_S2.jpg,p29,52115,134
17b_Krakau_S2.jpg,p32,22816,29
17b_Krakau_S2.jpg,p33,19335,51
17b_Krakau_S2.jpg,p36,48413,71
17b_Krakau_S2.jpg,p37,263292,590
17b_Krakau_S2.jpg,p4,50358,158
17b_Krakau_S2.jpg,p40,21983,36
17b_Krakau_S2.jpg,p5,33338,78
17b_Krakau_S2.jpg,p8,78193,135
17b_Krakau_S2.jpg,p9,36685,89
18_Ljubljana_S1.jpg,p1,8326,24
18_Ljubljana_S1.jpg,p12,39161,121
18_Ljubljana_S1.jpg,p13,11143,32
18_Ljubljana_S1.jpg,p16,21379,80
18_Ljubljana_S1.jpg,p17,25941,75
18_Ljubljana_S1.jpg,p20,11309,38
18_Ljubljana_S1.jpg,p21,29304,86
18_Ljubljana_S1.jpg,p24,31140,111
18_Ljubljana_S1.jpg,p25,24611,67
18_Ljubljana_S1.jpg,p28,37401,116
18_Ljubljana_S1.jpg,p29,20079,74
18_Ljubljana_S1.jpg,p32,23434,62
18_Ljubljana_S1.jpg,p33,16502,52
18_Ljubljana_S1.jpg,p36,14468,40
18_Ljubljana_S1.jpg,p37,44706,139
18_Ljubljana_S1.jpg,p4,55484,206
18_Ljubljana_S1.jpg,p40,24514,68
18_Ljubljana_S1.jpg,p5,25591,91
18_Ljubljana_S1.jpg,p8,18166,45
18_Ljubljana_S1.jpg,p9,8857,22
18_Ljubljana_S2.jpg,p10,31108,91
18_Ljubljana_S2.jpg,p11,12602,46
18_Ljubljana_S2.jpg,p14,55483,152
18_Ljubljana_S2.jpg,p15,33639,82
18_Ljubljana_S2.jpg,p18,32940,84
18_Ljubljana_S2.jpg,p19,14486,44
18_Ljubljana_S2.jpg,p2,26077,76
18_Ljubljana_S2.jpg,p22,33140,90
18_Ljubljana_S2.jpg,p23,27112,109
18_Ljubljana_S2.jpg,p26,8060,22
18_Ljubljana_S2.jpg,p27,33886,114
18_Ljubljana_S2.jpg,p3,9292,21
18_Ljubljana_S2.jpg,p30,18999,55
18_Ljubljana_S2.jpg,p31,11990,32
18_Ljubljana_S2.jpg,p34,25079,68
18_Ljubljana_S2.jpg,p35,52059,151
18_Ljubljana_S2.jpg,p38,24062,90
18_Ljubljana_S2.jpg,p39,17085,48
18_Ljubljana_S2.jpg,p6,14687,55
18_Ljubljana_S2.jpg,p7,22131,65
18b_Ljubljana_S1.jpg,p10,39152,91
18b_Ljubljana_S1.jpg,p11,39265,116
18b_Ljubljana_S1.jpg,p14,30494,62
18b_Ljubljana_S1.jpg,p15,147408,394
18b_Ljubljana_S1.jpg,p18,48882,139
18b_Ljubljana_S1.jpg,p19,8993,21
18b_Ljubljana_S1.jpg,p2,31591,69
18b_Ljubljana_S1.jpg,p22,39834,88
18b_Ljubljana_S1.jpg,p23,36728,156
18b_Ljubljana_S1.jpg,p26,34019,80
18b_Ljubljana_S1.jpg,p27,46817,128
18b_Ljubljana_S1.jpg,p3,13057,33
18b_Ljubljana_S1.jpg,p30,23179,65
18b_Ljubljana_S1.jpg,p31,27627,65
18b_Ljubljana_S1.jpg,p34,20296,61
18b_Ljubljana_S1.jpg,p35,62216,174
18b_Ljubljana_S1.jpg,p38,31089,82
18b_Ljubljana_S1.jpg,p39,20498,70
18b_Ljubljana_S1.jpg,p6,11759,33
18b_Ljubljana_S1.jpg,p7,19585,49
18b_Ljubljana_S2.jpg,p1,11523,32
18b_Ljubljana_S2.jpg,p12,18646,56
18b_Ljubljana_S2.jpg,p13,9790,26
18b_Ljubljana_S2.jpg,p16,11542,46
18b_Ljubljana_S2.jpg,p17,14337,34
18b_Ljubljana_S2.jpg,p20,16067,54
18b_Ljubljana_S2.jpg,p21,26444,65
18b_Ljubljana_S2.jpg,p24,15189,43
18b_Ljubljana_S2.jpg,p25,11007,26
18b_Ljubljana_S2.jpg,p28,14890,29
18b_Ljubljana_S2.jpg,p29,35099,131
18b_Ljubljana_S2.jpg,p32,12356,29
18b_Ljubljana_S2.jpg,p33,7345,30
18b_Ljubljana_S2.jpg,p36,9427,22
18b_Ljubljana_S2.jpg,p37,26340,85
18b_Ljubljana_S2.jpg,p4,16985,55
18b_Ljubljana_S2.jpg,p40,18849,55
18b_Ljubljana_S2.jpg,p5,42897,122
18b_Ljubljana_S2.jpg,p8,19017,49
18b_Ljubljana_S2.jpg,p9,24506,76
19_New_York_S1.jpg,p1,8244,20
19_New_York_S1.jpg,p12,29524,68
19_New_York_S1.jpg,p13,13736,39
19_New_York_S1.jpg,p16,48011,107
19_New_York_S1.jpg,p17,16588,24
19_New_York_S1.jpg,p20,12520,31
19_New_York_S1.jpg,p21,38835,74
19_New_York_S1.jpg,p24,11373,28
19_New_York_S1.jpg,p25,24583,54
19_New_York_S1.jpg,p28,27725,35
19_New_York_S1.jpg,p29,45078,121
19_New_York_S1.jpg,p32,18685,32
19_New_York_S1.jpg,p33,13274,28
19_New_York_S1.jpg,p36,17319,27
19_New_York_S1.jpg,p37,19287,46
19_New_York_S1.jpg,p4,18148,51
19_New_York_S1.jpg,p40,10640,27
19_New_York_S1.jpg,p5,14306,40
19_New_York_S1.jpg,p8,18685,30
19_New_York_S1.jpg,p9,13869,30
19_New_York_S2.jpg,p10,6378,14
19_New_York_S2.jpg,p11,17785,45
19_New_York_S2.jpg,p14,22998,64
19_New_York_S2.jpg,p15,38838,57
19_New_York_S2.jpg,p18,10158,28
19_New_York_S2.jpg,p19,8710,20
19_New_York_S2.jpg,p2,16155,48
19_New_York_S2.jpg,p22,23198,34
19_New_York_S2.jpg,p23,17732,77
19_New_York_S2.jpg,p26,9892,21
19_New_York_S2.jpg,p27,17484,45
19_New_York_S2.jpg,p3,4546,11
19_New_York_S2.jpg,p30,5098,16
19_New_York_S2.jpg,p31,8009,21
19_New_York_S2.jpg,p34,11375,29
19_New_York_S2.jpg,p35,19685,41
19_New_York_S2.jpg,p38,17250,54
19_New_York_S2.jpg,p39,12259,26
19_New_York_S2.jpg,p6,6445,17
19_New_York_S2.jpg,p7,11008,26
19b_New_York_S1.jpg,p10,15321,24
19b_New_York_S1.jpg,p11,16204,30
19b_New_York_S1.jpg,p14,12225,26
19b_New_York_S1.jpg,p15,104985,165
19b_New_York_S1.jpg,p18,19417,38
19b_New_York_S1.jpg,p19,14222,27
19b_New_York_S1.jpg,p2,20601,27
19b_New_York_S1.jpg,p22,13941,25
19b_New_York_S1.jpg,p23,25731,73
19b_New_York_S1.jpg,p26,31375,46
19b_New_York_S1.jpg,p27,14741,28
19b_New_York_S1.jpg,p3,33573,62
19b_New_York_S1.jpg,p30,22981,44
19b_New_York_S1.jpg,p31,14820,27
19b_New_York_S1.jpg,p34,12922,23
19b_New_York_S1.jpg,p35,42535,61
19b_New_York_S1.jpg,p38,67949,147
19b_New_York_S1.jpg,p39,6029,25
19b_New_York_S1.jpg,p6,12093,21
19b_New_York_S1.jpg,p7,10893,17
19b_New_York_S2.jpg,p1,6612,16
19b_New_York_S2.jpg,p12,8193,27
19b_New_York_S2.jpg,p13,13571,30
19b_New_York_S2.jpg,p16,11123,33
19b_New_York_S2.jpg,p17,22551,41
19b_New_York_S2.jpg,p20,14557,43
19b_New_York_S2.jpg,p21,18053,43
19b_New_York_S2.jpg,p24,13557,27
19b_New_York_S2.jpg,p25,23318,65
19b_New_York_S2.jpg,p28,48143,108
19b_New_York_S2.jpg,p29,23780,73
19b_New_York_S2.jpg,p32,14592,18
19b_New_York_S2.jpg,p33,12837,28
19b_New_York_S2.jpg,p36,24297,51
19b_New_York_S2.jpg,p37,43812,118
19b_New_York_S2.jpg,p4,41583,130
19b_New_York_S2.jpg,p40,16173,27
19b_New_York_S2.jpg,p5,58389,154
19b_New_York_S2.jpg,p8,12109,28
19b_New_York_S2.jpg,p9,5960,20
20_Paris_S1.jpg,p1,8360,21
20_Paris_S1.jpg,p12,14185,38
20_Paris_S1.jpg,p13,9993,26
20_Paris_S1.jpg,p16,32159,109
20_Paris_S1.jpg,p17,27111,73
20_Paris_S1.jpg,p20,10094,36
20_Paris_S1.jpg,p21,23831,42
20_Paris_S1.jpg,p24,15337,37
20_Paris_S1.jpg,p25,17901,26
20_Paris_S1.jpg,p28,31311,78
20_Paris_S1.jpg,p29,18995,60
20_Paris_S1.jpg,p32,10109,22
20_Paris_S1.jpg,p33,6377,26
20_Paris_S1.jpg,p36,11639,31
20_Paris_S1.jpg,p37,11324,26
20_Paris_S1.jpg,p4,8576,23
20_Paris_S1.jpg,p40,12373,25
20_Paris_S1.jpg,p5,25350,74
20_Paris_S1.jpg,p8,21098,50
20_Paris_S1.jpg,p9,11256,24
20_Paris_S2.jpg,p10,10838,33
20_Paris_S2.jpg,p11,5329,21
20_Paris_S2.jpg,p14,34707,95
20_Paris_S2.jpg,p15,24113,55
20_Paris_S2.jpg,p18,10056,27
20_Paris_S2.jpg,p19,9608,27
20_Paris_S2.jpg,p2,12090,39
20_Paris_S2.jpg,p22,11424,28
20_Paris_S2.jpg,p23,24014,92
20_Paris_S2.jpg,p26,10793,14
20_Paris_S2.jpg,p27,23894,68
20_Paris_S2.jpg,p3,7392,27
20_Paris_S2.jpg,p30,11141,30
20_Paris_S2.jpg,p31,5076,21
20_Paris_S2.jpg,p34,20817,58
20_Paris_S2.jpg,p35,14738,37
20_Paris_S2.jpg,p38,20696,69
20_Paris_S2.jpg,p39,9458,37
20_Paris_S2.jpg,p6,18288,34
20_Paris_S2.jpg,p7,8476,24
20b_Paris_S1.jpg,p10,15408,29
20b_Paris_S1.jpg,p11,19950,54
20b_Paris_S1.jpg,p14,17020,42
20b_Paris_S1.jpg,p15,45917,88
20b_Paris_S1.jpg,p18,15075,36
20b_Paris_S1.jpg,p19,20383,41
20b_Paris_S1.jpg,p2,26845,65
20b_Paris_S1.jpg,p22,10461,19
20b_Paris_S1.jpg,p23,45691,127
20b_Paris_S1.jpg,p26,13838,26
20b_Paris_S1.jpg,p27,52044,121
20b_Paris_S1.jpg,p3,23117,52
20b_Paris_S1.jpg,p30,5080,15
20b_Paris_S1.jpg,p31,22662,50
20b_Paris_S1.jpg,p34,21280,59
20b_Paris_S1.jpg,p35,34274,80
20b_Paris_S1.jpg,p38,22783,41
20b_Paris_S1.jpg,p39,15433,50
20b_Paris_S1.jpg,p6,12759,26
20b_Paris_S1.jpg,p7,25758,61
20b_Paris_S2.jpg,p1,4580,16
20b_Paris_S2.jpg,p12,10272,39
20b_Paris_S2.jpg,p13,8824,31
20b_Paris_S2.jpg,p16,9041,33
20b_Paris_S2.jpg,p17,19679,58
20b_Paris_S2.jpg,p20,9894,32
20b_Paris_S2.jpg,p21,19232,47
20b_Paris_S2.jpg,p24,5214,12
20b_Paris_S2.jpg,p25,11926,32
20b_Paris_S2.jpg,p28,20484,64
20b_Paris_S2.jpg,p29,27608,97
20b_Paris_S2.jpg,p32,14604,33
20b_Paris_S2.jpg,p33,12589,46
20b_Paris_S2.jpg,p36,5762,19
20b_Paris_S2.jpg,p37,28995,104
20b_Paris_S2.jpg,p4,6776,29
20b_Paris_S2.jpg,p40,8324,22
20b_Paris_S2.jpg,p5,53304,147
20b_Paris_S2.jpg,p8,7761,23
20b_Paris_S2.jpg,p9,8409,17
21_Pisa_S1.jpg,p1,9274,30
21_Pisa_S1.jpg,p12,20784,66
21_Pisa_S1.jpg,p13,12988,33
21_Pisa_S1.jpg,p16,26093,101
21_Pisa_S1.jpg,p17,19448,41
21_Pisa_S1.jpg,p20,6828,21
21_Pisa_S1.jpg,p21,9593,22
21_Pisa_S1.jpg,p24,13039,29
21_Pisa_S1.jpg,p25,31606,112
21_Pisa_S1.jpg,p28,39532,132
21_Pisa_S1.jpg,p29,63844,207
21_Pisa_S1.jpg,p32,27029,65
21_Pisa_S1.jpg,p33,6892,28
21_Pisa_S1.jpg,p36,12073,29
21_Pisa_S1.jpg,p37,11842,35
21_Pisa_S1.jpg,p4,17234,64
21_Pisa_S1.jpg,p40,25213,54
21_Pisa_S1.jpg,p5,24132,71
21_Pisa_S1.jpg,p8,28860,58
21_Pisa_S1.jpg,p9,14787,42
21_Pisa_S2.jpg,p10,24189,118
21_Pisa_S2.jpg,p11,16654,48
21_Pisa_S2.jpg,p14,57267,138
21_Pisa_S2.jpg,p15,86937,150
21_Pisa_S2.jpg,p18,33968,90
21_Pisa_S2.jpg,p19,28329,68
21_Pisa_S2.jpg,p2,9126,23
21_Pisa_S2.jpg,p22,53052,120
21_Pisa_S2.jpg,p23,11142,26
21_Pisa_S2.jpg,p26,12355,30
21_Pisa_S2.jpg,p27,16967,42
21_Pisa_S2.jpg,p3,38402,93
21_Pisa_S2.jpg,p30,33805,81
21_Pisa_S2.jpg,p31,48656,132
21_Pisa_S2.jpg,p34,44214,172
21_Pisa_S2.jpg,p35,66237,127
21_Pisa_S2.jpg,p38,67591,143
21_Pisa_S2.jpg,p39,51818,200
21_Pisa_S2.jpg,p6,10474,22
21_Pisa_S2.jpg,p7,15473,32
21b_Pisa_S1.jpg,p10,31944,72
21b_Pisa_S1.jpg,p11,27964,72
21b_Pisa_S1.jpg,p14,63532,120
21b_Pisa_S1.jpg,p15,55440,92
21b_Pisa_S1.jpg,p18,34460,135
21b_Pisa_S1.jpg,p19,17919,35
21b_Pisa_S1.jpg,p2,25428,47
21b_Pisa_S1.jpg,p22,35838,79
21b_Pisa_S1.jpg,p23,20602,87
21b_Pisa_S1.jpg,p26,52526,106
21b_Pisa_S1.jpg,p27,34374,85
21b_Pisa_S1.jpg,p3,33693,81
21b_Pisa_S1.jpg,p30,15103,35
21b_Pisa_S1.jpg,p31,31372,94
21b_Pisa_S1.jpg,p34,26680,67
21b_Pisa_S1.jpg,p35,97539,220
21b_Pisa_S1.jpg,p38,34423,82
21b_Pisa_S1.jpg,p39,17737,43
21b_Pisa_S1.jpg,p6,15987,48
21b_Pisa_S1.jpg,p7,10940,24
21b_Pisa_S2.jpg,p1,8425,21
21b_Pisa_S2.jpg,p12,29909,59
21b_Pisa_S2.jpg,p13,57137,112
21b_Pisa_S2.jpg,p16,24299,45
21b_Pisa_S2.jpg,p17,28463,45
21b_Pisa_S2.jpg,p20,32087,110
21b_Pisa_S2.jpg,p21,76720,190
21b_Pisa_S2.jpg,p24,8378,25
21b_Pisa_S2.jpg,p25,20746,44
21b_Pisa_S2.jpg,p28,79725,159
21b_Pisa_S2.jpg,p29,41364,120
21b_Pisa_S2.jpg,p32,23601,38
21b_Pisa_S2.jpg,p33,13412,62
21b_Pisa_S2.jpg,p36,40156,58
21b_Pisa_S2.jpg,p37,42150,98
21b_Pisa_S2.jpg,p4,152819,512
21b_Pisa_S2.jpg,p40,17970,31
21b_Pisa_S2.jpg,p5,21663,53
21b_Pisa_S2.jpg,p8,61033,98
21b_Pisa_S2.jpg,p9,22148,51
22_Venedig_S1.jpg,p1,15138,45
22_Venedig_S1.jpg,p12,19430,68
22_Venedig_S1.jpg,p13,14522,53
22_Venedig_S1.jpg,p16,17680,76
22_Venedig_S1.jpg,p17,26530,65
22_Venedig_S1.jpg,p20,19016,70
22_Venedig_S1.jpg,p21,19101,47
22_Venedig_S1.jpg,p24,81030,180
22_Venedig_S1.jpg,p25,12472,42
22_Venedig_S1.jpg,p28,22978,73
22_Venedig_S1.jpg,p29,36401,121
22_Venedig_S1.jpg,p32,14883,49
22_Venedig_S1.jpg,p33,24814,117
22_Venedig_S1.jpg,p36,29248,73
22_Venedig_S1.jpg,p37,22166,52
22_Venedig_S1.jpg,p4,21698,76
22_Venedig_S1.jpg,p40,20515,54
22_Venedig_S1.jpg,p5,17382,56
22_Venedig_S1.jpg,p8,28658,65
22_Venedig_S1.jpg,p9,20461,63
22_Venedig_S2.jpg,p10,43850,130
22_Venedig_S2.jpg,p11,15305,43
22_Venedig_S2.jpg,p14,65114,178
22_Venedig_S2.jpg,p15,60466,161
22_Venedig_S2.jpg,p18,38220,99
22_Venedig_S2.jpg,p19,33272,71
22_Venedig_S2.jpg,p2,37001,109
22_Venedig_S2.jpg,p22,29058,66
22_Venedig_S2.jpg,p23,31389,136
22_Venedig_S2.jpg,p26,12139,28
22_Venedig_S2.jpg,p27,34621,103
22_Venedig_S2.jpg,p3,17053,39
22_Venedig_S2.jpg,p30,18917,61
22_Venedig_S2.jpg,p31,18252,53
22_Venedig_S2.jpg,p34,32537,89
22_Venedig_S2.jpg,p35,92334,219
22_Venedig_S2.jpg,p38,67992,197
22_Venedig_S2.jpg,p39,18866,49
22_Venedig_S2.jpg,p6,17069,43
22_Venedig_S2.jpg,p7,18735,54
22b_Venedig_S1.jpg,p10,36637,79
22b_Venedig_S1.jpg,p11,18735,53
22b_Venedig_S1.jpg,p14,36068,90
22b_Venedig_S1.jpg,p15,105748,230
22b_Venedig_S1.jpg,p18,25346,75
22b_Venedig_S1.jpg,p19,30557,73
22b_Venedig_S1.jpg,p2,23846,55
22b_Venedig_S1.jpg,p22,25776,54
22b_Venedig_S1.jpg,p23,36036,136
22b_Venedig_S1.jpg,p26,22298,39
22b_Venedig_S1.jpg,p27,59537,169
22b_Venedig_S1.jpg,p3,30172,88
22b_Venedig_S1.jpg,p30,18254,46
22b_Venedig_S1.jpg,p31,16820,49
22b_Venedig_S1.jpg,p34,24228,70
22b_Venedig_S1.jpg,p35,34821,75
22b_Venedig_S1.jpg,p38,34752,115
22b_Venedig_S1.jpg,p39,15254,44
22b_Venedig_S1.jpg,p6,15082,45
22b_Venedig_S1.jpg,p7,20433,58
22b_Venedig_S2.jpg,p1,17051,38
22b_Venedig_S2.jpg,p12,49639,140
22b_Venedig_S2.jpg,p13,17202,50
22b_Venedig_S2.jpg,p16,34136,120
22b_Venedig_S2.jpg,p17,26432,71
22b_Venedig_S2.jpg,p20,29612,84
22b_Venedig_S2.jpg,p21,49894,115
22b_Venedig_S2.jpg,p24,26327,69
22b_Venedig_S2.jpg,p25,39052,115
22b_Venedig_S2.jpg,p28,88731,238
22b_Venedig_S2.jpg,p29,54919,177
22b_Venedig_S2.jpg,p32,24298,51
22b_Venedig_S2.jpg,p33,19901,59
22b_Venedig_S2.jpg,p36,48958,133
22b_Venedig_S2.jpg,p37,51845,133
22b_Venedig_S2.jpg,p4,20982,58
22b_Venedig_S2.jpg,p40,18885,43
22b_Venedig_S2.jpg,p5,38864,89
22b_Venedig_S2.jpg,p8,28092,59
22b_Venedig_S2.jpg,p9,14871,32
23_Warschau_S1.jpg,p1,8891,24
23_Warschau_S1.jpg,p12,21694,64
23_Warschau_S1.jpg,p13,10925,32
23_Warschau_S1.jpg,p16,61228,186
23_Warschau_S1.jpg,p17,23713,68
23_Warschau_S1.jpg,p20,52348,183
23_Warschau_S1.jpg,p21,17553,42
23_Warschau_S1.jpg,p24,7826,24
23_Warschau_S1.jpg,p25,8824,27
23_Warschau_S1.jpg,p28,68306,189
23_Warschau_S1.jpg,p29,19100,63
23_Warschau_S1.jpg,p32,9874,20
23_Warschau_S1.jpg,p33,7077,26
23_Warschau_S1.jpg,p36,42294,111
23_Warschau_S1.jpg,p37,143868,298
23_Warschau_S1.jpg,p4,21645,84
23_Warschau_S1.jpg,p40,14618,50
23_Warschau_S1.jpg,p5,15634,43
23_Warschau_S1.jpg,p8,25864,48
23_Warschau_S1.jpg,p9,9175,22
23_Warschau_S2.jpg,p10,6578,14
23_Warschau_S2.jpg,p11,9608,27
23_Warschau_S2.jpg,p14,85835,202
23_Warschau_S2.jpg,p15,43151,76
23_Warschau_S2.jpg,p18,12075,37
23_Warschau_S2.jpg,p19,10123,30
23_Warschau_S2.jpg,p2,13471,38
23_Warschau_S2.jpg,p22,23545,48
23_Warschau_S2.jpg,p23,10509,39
23_Warschau_S2.jpg,p26,10804,29
23_Warschau_S2.jpg,p27,13390,43
23_Warschau_S2.jpg,p3,14552,46
23_Warschau_S2.jpg,p30,22266,64
23_Warschau_S2.jpg,p31,5695,17
23_Warschau_S2.jpg,p34,14474,44
23_Warschau_S2.jpg,p35,21434,63
23_Warschau_S2.jpg,p38,20301,61
23_Warschau_S2.jpg,p39,23560,77
23_Warschau_S2.jpg,p6,8744,27
23_Warschau_S2.jpg,p7,9443,29
23b_Warschau_S1.jpg,p10,24649,55
23b_Warschau_S1.jpg,p11,9874,25
23b_Warschau_S1.jpg,p14,39220,101
23b_Warschau_S1.jpg,p15,83825,189
23b_Warschau_S1.jpg,p18,37650,92
23b_Warschau_S1.jpg,p19,20815,58
23b_Warschau_S1.jpg,p2,36803,67
23b_Warschau_S1.jpg,p22,17134,39
23b_Warschau_S1.jpg,p23,57532,237
23b_Warschau_S1.jpg,p26,37584,72
23b_Warschau_S1.jpg,p27,37503,82
23b_Warschau_S1.jpg,p3,26379,68
23b_Warschau_S1.jpg,p30,17603,43
23b_Warschau_S1.jpg,p31,14822,47
23b_Warschau_S1.jpg,p34,11322,37
23b_Warschau_S1.jpg,p35,32506,72
23b_Warschau_S1.jpg,p38,60698,133
23b_Warschau_S1.jpg,p39,13838,45
23b_Warschau_S1.jpg,p6,22116,45
23b_Warschau_S1.jpg,p7,69139,176
23b_Warschau_S2.jpg,p1,11222,35
23b_Warschau_S2.jpg,p12,8745,28
23b_Warschau_S2.jpg,p13,9043,33
23b_Warschau_S2.jpg,p16,9175,40
23b_Warschau_S2.jpg,p17,34991,82
23b_Warschau_S2.jpg,p20,8410,31
23b_Warschau_S2.jpg,p21,29861,70
23b_Warschau_S2.jpg,p24,11226,32
23b_Warschau_S2.jpg,p25,15590,25
23b_Warschau_S2.jpg,p28,36972,85
23b_Warschau_S2.jpg,p29,11678,40
23b_Warschau_S2.jpg,p32,43947,123
23b_Warschau_S2.jpg,p33,12974,54
23b_Warschau_S2.jpg,p36,18069,43
23b_Warschau_S2.jpg,p37,79397,237
23b_Warschau_S2.jpg,p4,15752,58
23b_Warschau_S2.jpg,p40,8961,37
23b_Warschau_S2.jpg,p5,41950,138
23b_Warschau_S2.jpg,p8,20732,53
23b_Warschau_S2.jpg,p9,22733,55
24_Zürich_S1.jpg,p1,9874,24
24_Zürich_S1.jpg,p12,22934,61
24_Zürich_S1.jpg,p13,14638,35
24_Zürich_S1.jpg,p16,17069,40
24_Zürich_S1.jpg,p17,26528,43
24_Zürich_S1.jpg,p20,13154,45
24_Zürich_S1.jpg,p21,11188,27
24_Zürich_S1.jpg,p24,10893,29
24_Zürich_S1.jpg,p25,18401,47
24_Zürich_S1.jpg,p28,7794,21
24_Zürich_S1.jpg,p29,12154,42
24_Zürich_S1.jpg,p32,14971,24
24_Zürich_S1.jpg,p33,5997,26
24_Zürich_S1.jpg,p36,16021,36
24_Zürich_S1.jpg,p37,13057,29
24_Zürich_S1.jpg,p4,15315,42
24_Zürich_S1.jpg,p40,15317,42
24_Zürich_S1.jpg,p5,16736,41
24_Zürich_S1.jpg,p8,14988,30
24_Zürich_S1.jpg,p9,14553,37
24_Zürich_S2.jpg,p10,22063,77
24_Zürich_S2.jpg,p11,5378,20
24_Zürich_S2.jpg,p14,21983,80
24_Zürich_S2.jpg,p15,18171,47
24_Zürich_S2.jpg,p18,11491,29
24_Zürich_S2.jpg,p19,9291,28
24_Zürich_S2.jpg,p2,7228,18
24_Zürich_S2.jpg,p22,24061,51
24_Zürich_S2.jpg,p23,5346,22
24_Zürich_S2.jpg,p26,15990,40
24_Zürich_S2.jpg,p27,17850,64
24_Zürich_S2.jpg,p3,7626,28
24_Zürich_S2.jpg,p30,3995,16
24_Zürich_S2.jpg,p31,8241,29
24_Zürich_S2.jpg,p34,14892,48
24_Zürich_S2.jpg,p35,26127,60
24_Zürich_S2.jpg,p38,13968,47
24_Zürich_S2.jpg,p39,8409,19
24_Zürich_S2.jpg,p6,7592,24
24_Zürich_S2.jpg,p7,7260,24
24b_Zürich_S1.jpg,p10,13471,35
24b_Zürich_S1.jpg,p11,7909,16
24b_Zürich_S1.jpg,p14,11488,26
24b_Zürich_S1.jpg,p15,53519,77
24b_Zürich_S1.jpg,p18,16852,36
24b_Zürich_S1.jpg,p19,10855,31
24b_Zürich_S1.jpg,p2,15405,26
24b_Zürich_S1.jpg,p22,18471,36
24b_Zürich_S1.jpg,p23,10075,39
24b_Zürich_S1.jpg,p26,16604,33
24b_Zürich_S1.jpg,p27,33274,59
24b_Zürich_S1.jpg,p3,17082,48
24b_Zürich_S1.jpg,p30,3979,14
24b_Zürich_S1.jpg,p31,10160,34
24b_Zürich_S1.jpg,p34,17651,50
24b_Zürich_S1.jpg,p35,52060,84
24b_Zürich_S1.jpg,p38,15702,46
24b_Zürich_S1.jpg,p39,1849,9
24b_Zürich_S1.jpg,p6,6344,16
24b_Zürich_S1.jpg,p7,12474,27
24b_Zürich_S2.jpg,p1,5628,20
24b_Zürich_S2.jpg,p12,7726,24
24b_Zürich_S2.jpg,p13,16054,49
24b_Zürich_S2.jpg,p16,27656,99
24b_Zürich_S2.jpg,p17,13440,29
24b_Zürich_S2.jpg,p20,10719,42
24b_Zürich_S2.jpg,p21,28060,71
24b_Zürich_S2.jpg,p24,16149,48
24b_Zürich_S2.jpg,p25,19902,31
24b_Zürich_S2.jpg,p28,38418,106
24b_Zürich_S2.jpg,p29,22311,85
24b_Zürich_S2.jpg,p32,10809,31
24b_Zürich_S2.jpg,p33,10275,44
24b_Zürich_S2.jpg,p36,8175,18
24b_Zürich_S2.jpg,p37,12752,38
24b_Zürich_S2.jpg,p4,12538,39
24b_Zürich_S2.jpg,p40,16918,42
24b_Zürich_S2.jpg,p5,21516,41
24b_Zürich_S2.jpg,p8,22700,58
24b_Zürich_S2.jpg,p9,11325,29
